"","predictions"
"1",0.0143474849493793
"2",0.0194556142146541
"3",0.0284630281792354
"4",0.00938182524953945
"5",0.0173487471275429
"6",0.0184426717825386
"7",0.0118563095155667
"8",0.0318773042491309
"9",0.0114638935833397
"10",0.0071843905527201
"11",0.0124293343594127
"12",0.0221631508417506
"13",0.0207555033465595
"14",0.0093508250579899
"15",0.0106275913606903
"16",0.00939534127342457
"17",0.0143215842778233
"18",0.0167271607523369
"19",0.0185989672993664
"20",0.0133740673986926
"21",0.0169273489774718
"22",-0.00205496792833852
"23",0.0133548027438433
"24",0.0117440238605446
"25",0.00832326337632896
"26",0.00616254102538528
"27",0.0156596517257842
"28",0.0209613600624291
"29",0.016402023349563
"30",0.0154725973119911
"31",0.00906888829815998
"32",0.0100514043426574
"33",0.00892661470307238
"34",0.00671266884209184
"35",0.0141741193840322
"36",0.0155698265454843
"37",0.0157101274436681
"38",0.0234162715800659
"39",0.017110506632703
"40",0.0191735185033478
"41",0.00466977389053075
"42",0.0153735076315411
"43",0.00277427677715827
"44",0.0134774798634669
"45",0.0120601768331974
"46",0.0173501817152497
"47",-0.000554073831673474
"48",0.0163795442992943
"49",0.0147698357146846
"50",0.0071847664700475
"51",0.0169744352833111
"52",0.0182562648482863
"53",0.0239341540132094
"54",0.0198304132274852
"55",0.0103859500454406
"56",0.0052986148055796
"57",0.0198468644008827
"58",0.0278293223247471
"59",0.0246219547797038
"60",0.00642360040749206
"61",0.0138322294044643
"62",0.0293964086882951
"63",0.0155202722222449
"64",0.0116801797609465
"65",0.017887029291026
"66",0.00514402376788135
"67",0.0119913452765277
"68",0.00921951854598567
"69",0.0138606358879317
"70",0.0126360045066578
"71",0.017181743492761
"72",0.0113516612323617
"73",0.0113055616554291
"74",0.0132375010050698
"75",0.00333708909810563
"76",0.0244296948858902
"77",0.00714914295401761
"78",-0.00304872520380265
"79",0.0107025308685066
"80",0.00871152450214783
"81",0.00363803560203069
"82",0.020485790204242
"83",0.0254497691860382
"84",0.0156152250740548
"85",0.00699798783284697
"86",0.0173111361261359
"87",0.0144804371023291
"88",0.0134040673901971
"89",0.0120346717520508
"90",0.0139491870951816
"91",0.0160690155122991
"92",0.00818498013491049
"93",0.0161493419882498
"94",0.00610961640527935
"95",0.0127969499368486
"96",0.0181279233194091
"97",0.0295331718013958
"98",0.0197689188260067
"99",0.0214990177091884
"100",0.0117002830283696
"101",0.0223181250362381
"102",0.00291177501060711
"103",0.0134038332692846
"104",-0.00365067714616456
"105",0.0145679024612829
"106",0.0155573452961956
"107",0.0198963279164684
"108",0.0232682532466061
"109",0.00614869553018601
"110",0.0109313442461647
"111",0.0177185931962862
"112",0.0139698051667137
"113",0.00639152867446055
"114",0.0145064348528345
"115",0.00818417823793813
"116",0.0150036027089509
"117",0.0034285340932722
"118",-0.00916735432432586
"119",0.0129773924005207
"120",0.00164787236471992
"121",0.0183351161006778
"122",0.010880436797328
"123",0.00616244977870447
"124",0.00787608200211578
"125",0.011329369134908
"126",0.00524293794904868
"127",0.0163863219048354
"128",0.00119226468154197
"129",0.0190083080140577
"130",0.0082505713215604
"131",0.0257247807035382
"132",0.0107008206093433
"133",0.0118266471737847
"134",0.0140613695607153
"135",0.0391170193008198
"136",0.00581094584966238
"137",0.00699063596079837
"138",0.0101093431243046
"139",0.0154525935165938
"140",0.00983447796127467
"141",0.0144265065236099
"142",0.01347233034372
"143",0.0301310351976849
"144",0.0155865556624601
"145",0.00189069197107933
"146",0.0201932132481459
"147",0.0140190824790599
"148",0.00423539535378194
"149",0.00896722457209521
"150",0.0166892903205508
"151",0.020866621328769
"152",0.0130595767724321
"153",0.0181073084418531
"154",0.0109270330979774
"155",0.0237512980626267
"156",0.00952835250515702
"157",0.0154010070025074
"158",0.0169269972926898
"159",0.0250008557075555
"160",0.0122953501086429
"161",0.0106767652073776
"162",0.0119342034578207
"163",0.0224938180075874
"164",0.00920924452240768
"165",0.00882460719795173
"166",0.0201932932422075
"167",0.0170240940271451
"168",0.0128941324510075
"169",0.0071811882334898
"170",0.010071485607599
"171",0.00331317290604344
"172",0.00961395783425247
"173",0.00972652809859685
"174",0.0129152497636804
"175",0.00479918515824406
"176",0.0120914408965326
"177",0.0019108749624239
"178",0.00135520872635707
"179",0.0147423117912674
"180",0.00977120056683308
"181",0.00180549387098542
"182",0.0178762931616251
"183",0.0226920244249656
"184",0.0151582677507305
"185",0.00562222146563426
"186",0.0172222621690188
"187",0.00562957228542638
"188",0.0101158802093992
"189",0.01414396583103
"190",0.0172807009413959
"191",0.0183472273849784
"192",0.0150743545005794
"193",0.0165064905480027
"194",0.00801879383438135
"195",0.0181418390765563
"196",0.0176364140282374
"197",0.0214086446195893
"198",0.0163622964160147
"199",0.0168027141319408
"200",0.0165252221531503
"201",0.00919101073888774
"202",0.0214117677507365
"203",0.0103822410143133
"204",0.00986513009304367
"205",0.00541671587171893
"206",0.0147732756127339
"207",0.0108469484802317
"208",0.0119066720328475
"209",0.0269307126290223
"210",0.0116264462154403
"211",0.0129234352358197
"212",0.018757434921064
"213",0.00628977712424465
"214",0.0132471215482912
"215",0.0150045655374692
"216",0.00971742413702918
"217",0.0170601779138685
"218",0.0143363693600899
"219",0.0222503447500072
"220",0.0235077169988251
"221",0.00346493693465737
"222",0.00314212359924864
"223",0.00956737975962896
"224",0.0229884105022763
"225",0.0255969512948191
"226",-0.00143184090454732
"227",0.0152200078438254
"228",0.0165806711276529
"229",0.0114909503337344
"230",-0.00122545665722642
"231",0.00189702357658746
"232",0.0158591387128227
"233",0.0216974399798931
"234",0.01457923458466
"235",0.0215871740961804
"236",0.0233904872371959
"237",0.0200006769566795
"238",0.00334562903307451
"239",0.0177972206811299
"240",0.0155587779443868
"241",0.0151334581953807
"242",0.00478188049247835
"243",0.0122915197741595
"244",0.023091461181733
"245",0.0132762740717746
"246",0.01201081011546
"247",0.0098615589314514
"248",0.000874072464021728
"249",0.0158338407572473
"250",0.0131396429488475
"251",0.0122188808504117
"252",0.0216494597739002
"253",0.0164557043824632
"254",0.0147694506309591
"255",0.0141956810622667
"256",0.0123686824636766
"257",0.0136592004671194
"258",0.0117874531391514
"259",0.0167997832108344
"260",0.0213725465984014
"261",0.00963299074788542
"262",0.0180026536038689
"263",0.0104208705812094
"264",0.00678133063386747
"265",0.0207245395652029
"266",0.0062356026941756
"267",0.0120737245916734
"268",0.0165310525560902
"269",0.013261130172655
"270",0.0188778251563296
"271",0.0193823397040687
"272",0.00947898753564574
"273",0.0145620786877585
"274",0.0134485897279325
"275",0.000179916878021786
"276",0.00175548815282685
"277",0.0154830461904029
"278",0.0145655516429855
"279",0.021531322957293
"280",0.00863526019699176
"281",0.0287016673935445
"282",0.0256673239011136
"283",0.0143875436295025
"284",0.0213603964257064
"285",0.00642820767332352
"286",0.01115481978351
"287",0.00062698492245475
"288",0.0247982325327076
"289",0.0184426547794076
"290",0.0105045750936549
"291",0.00622804742396666
"292",0.00219512166967918
"293",0.0200553834333986
"294",0.00678614382684392
"295",0.0129460991779023
"296",0.0152980683469494
"297",0.0180198872868806
"298",0.00441068545019262
"299",0.0110769991918441
"300",0.00609179119928548
"301",0.0290514847230512
"302",0.014981819918968
"303",0.0022931574725038
"304",0.00334116804556498
"305",0.00577671203531471
"306",0.00825000222596113
"307",0.0138035611656605
"308",0.017776066621721
"309",0.0197649252261342
"310",0.00449981501612699
"311",0.0205071215843637
"312",0.0197813843361224
"313",0.0151411860733848
"314",0.0136400706934707
"315",0.026888308138626
"316",0.0047645405479478
"317",0.0216253206580406
"318",0.0143034857768696
"319",0.0166904702927373
"320",0.0120582189412601
"321",0.0148171259972105
"322",0.0185292435014072
"323",0.0289004860103332
"324",0.00787465546815391
"325",0.0208942887073718
"326",0.023298543778598
"327",0.0144298910460647
"328",0.0141604654767724
"329",0.0038745006955895
"330",0.0168464063957314
"331",0.0185795923379934
"332",0.00190138797950151
"333",0.0229323864338334
"334",0.0158031959102278
"335",0.0149711253096268
"336",0.0151649111875291
"337",0.00219982462592748
"338",0.00914731833318674
"339",-0.0132937394364813
"340",0.0317700914684234
"341",0.00934528121055868
"342",0.00672411530776132
"343",0.011618921857788
"344",0.021796308839757
"345",0.0203632300606328
"346",0.0226414955459875
"347",0.00361599730229477
"348",0.0182454693254768
"349",0.022537254176173
"350",0.0121497737332548
"351",0.00479279633765257
"352",0.0152746944316552
"353",0.0227303547118422
"354",0.012079303076749
"355",0.0128653793941633
"356",0.0206541439087744
"357",0.0163209694659316
"358",0.0163448876717878
"359",0.00646290967289657
"360",0.0278407571189834
"361",0.0223970160432272
"362",0.0198450616498333
"363",0.0013783176004016
"364",0.0138229237518845
"365",0.0237470756783863
"366",0.011473567665117
"367",0.0136033519271084
"368",0.00223428768743783
"369",0.0115578305288026
"370",0.0142181886913726
"371",0.0151656344376395
"372",0.011980084708836
"373",0.0233598768993817
"374",0.00529506082613087
"375",0.0154867643485502
"376",0.0176675942625552
"377",0.0236152300942086
"378",0.0137827137647237
"379",0.0125474228187086
"380",0.018569278999809
"381",0.0134494686425111
"382",0.00485310227271433
"383",0.00720213211764994
"384",0.00964363650305714
"385",0.0305473125997745
"386",0.0224162941410107
"387",0.0187650378011063
"388",0.00936718426196886
"389",0.0168118044091319
"390",0.0183203923655511
"391",-0.00101783306382054
"392",0.0099748336969159
"393",0.0154059495859363
"394",0.011018787866445
"395",0.0199928168722784
"396",0.0113989854800288
"397",0.0155158684284221
"398",0.0113674624286996
"399",0.0329116473921621
"400",0.0117608580585795
"401",0.0252068100979703
"402",0.0239448609585804
"403",0.0313929846628547
"404",0.00679204166935518
"405",0.0184139248218399
"406",0.0149037328063086
"407",0.014326732134284
"408",0.0182768955492258
"409",0.00956020794394449
"410",0.0141192930582852
"411",0.0221895926533252
"412",0.0131757021901917
"413",0.00538263377984449
"414",0.00735742368639717
"415",0.0148965879362587
"416",0.0272120483964058
"417",0.00892954326060371
"418",0.0087521028738545
"419",0.0119660166550949
"420",0.00810865452540893
"421",0.0145486397264887
"422",0.00572906450804942
"423",0.00551209120259478
"424",0.0128519121188356
"425",0.0113307968874243
"426",0.0129362082588671
"427",0.0154218957876291
"428",0.0152741319255483
"429",0.00188620044677114
"430",0.00674813091036783
"431",0.00503638537952135
"432",0.00824381065604236
"433",0.00308611048875158
"434",0.00532759555551305
"435",0.0209876030252788
"436",0.0203857520575029
"437",0.0204005921274425
"438",0.0248872681951257
"439",0.0137671315425429
"440",0.00770170263082783
"441",0.0048546066918892
"442",0.00328858777364792
"443",0.0228563616462019
"444",0.0187425688322259
"445",0.0117073524833516
"446",0.011974218899169
"447",0.0244176274881406
"448",0.0156898445605239
"449",0.0193416158881926
"450",0.0225022428060171
"451",0.0221137648099209
"452",-0.00471550825211953
"453",0.0299500237651235
"454",0.0137695728147792
"455",0.00901668850930142
"456",0.0210687347105483
"457",0.0182794734040553
"458",0.0195365950315745
"459",0.0131915951522081
"460",0.0129423780033167
"461",0.0154513733168684
"462",0.0153738564298273
"463",0.00656140520733969
"464",0.0118990277562966
"465",0.00957533128897185
"466",0.0128338345041189
"467",0.0193166679906153
"468",0.0165048552325785
"469",0.0203751572595205
"470",0.0209787126236343
"471",0.00911553986999119
"472",0.0105295322395816
"473",0.0075300666882458
"474",0.0190842674955173
"475",0.0106006458251523
"476",0.0168014090369001
"477",0.0165644516902713
"478",0.00332441161053322
"479",0.0109310989878078
"480",0.0132608155033197
"481",0.00848184945185231
"482",0.0212647963527979
"483",0.0246550731377907
"484",0.0124495176088175
"485",0.0167003618719748
"486",0.00913428294077736
"487",0.0108418586460525
"488",0.0093472237395503
"489",0.0126907721238452
"490",0.015872812132596
"491",0.012412874621271
"492",0.0110204460746867
"493",0.0149018528136479
"494",0.0130184452388887
"495",0.00060648571467932
"496",0.0158502233662576
"497",0.021679034031676
"498",0.00996272203584302
"499",-0.00378492455347034
"500",0.0193247532387784
"501",0.0322680973400329
"502",0.0142609425884594
"503",0.0148332426913581
"504",0.0156074302382077
"505",0.0091685190133748
"506",0.0019849834455688
"507",0.00853143492985701
"508",0.0122561071902014
"509",0.0160174657052754
"510",0.0166996107539093
"511",0.00449365673893315
"512",0.0276280405517915
"513",0.0152426976297638
"514",0.00646601382873181
"515",0.00992725253737465
"516",0.0119195993829638
"517",0.0213800087376362
"518",0.023290164329603
"519",0.00994312954166799
"520",0.0112077857285015
"521",0.0131352930870821
"522",0.0174893614741572
"523",0.00685940686194106
"524",0.0220584074962395
"525",0.0120092466573371
"526",0.0211114851475258
"527",0.0102394474382012
"528",0.0158188200439521
"529",0.0188474580046918
"530",0.0164958358092247
"531",0.00475438891630087
"532",0.0259574730918444
"533",0.0258667762413148
"534",0.0133272129754196
"535",0.0298039458856789
"536",0.0105291962284426
"537",0.0253099968106166
"538",0.0128279494901631
"539",0.0157560783922314
"540",0.00723592071027574
"541",0.0131484331332512
"542",0.00316313237366916
"543",0.0172434091987462
"544",0.0116268066046772
"545",0.0107369231477126
"546",-0.0037017321454061
"547",0.0176915330328123
"548",0.0237333580800085
"549",0.0228813977595789
"550",0.00567979407702947
"551",0.0333077822185347
"552",0.00800976051312201
"553",0.0170924858818827
"554",0.025387987396634
"555",0.0178702128643963
"556",0.0163175780517079
"557",0.0171657164436434
"558",0.00259159198677615
"559",0.0164342150104142
"560",0.017564968582309
"561",0.0321873037563862
"562",0.00806436382523171
"563",0.015747999889303
"564",0.0133104114618109
"565",0.0178926712700514
"566",0.0121112172293292
"567",0.00906482523738871
"568",0.00856218336901226
"569",0.0226521366674881
"570",0.0141458674440918
"571",0.0151746123768203
"572",0.00325158202032306
"573",0.0255989376564091
"574",0.0148510081746164
"575",0.0134168737126404
"576",0.00223375440594547
"577",0.0225379019985958
"578",0.0114490690391314
"579",0.00184697586527225
"580",0.01463260381295
"581",0.0201413717260261
"582",0.0212654214980449
"583",0.0127988147223794
"584",0.0146265454765757
"585",0.0146225086906984
"586",0.0075380788894677
"587",0.0050565753274267
"588",0.0160331834620156
"589",0.00280801880154142
"590",0.0155113092199244
"591",0.024130075648596
"592",0.026447713378147
"593",0.0235836633872351
"594",0.0138569423782145
"595",0.0115714216784103
"596",0.0143413448179439
"597",0.0241110707561897
"598",0.0139492434626953
"599",0.0010151117727152
"600",-0.000667587711954389
"601",0.00532216742494112
"602",0.00798962189355078
"603",0.013200763863235
"604",0.0146489971615119
"605",0.0109810744120026
"606",0.0109062302396465
"607",0.00925929171226992
"608",-0.000928269980634605
"609",0.0175812918873158
"610",0.0135684495368268
"611",0.0157646558517679
"612",0.0143420694665014
"613",0.025971400903552
"614",0.00903002222771893
"615",0.039193561621513
"616",0.00535449865600402
"617",0.012716228356588
"618",0.0162566563613567
"619",0.00763099069553381
"620",0.00556584958347619
"621",0.0197003499955585
"622",0.0116676162122664
"623",0.0155944000729148
"624",0.0149550845287787
"625",0.0105454460042432
"626",-0.00313301327748584
"627",0.014337650350041
"628",0.0245330138893964
"629",0.00300335625066448
"630",0.0100258973443895
"631",0.0180835385711868
"632",0.0347179345248548
"633",-0.00100707071625957
"634",0.0186370632765569
"635",0.00898718293836812
"636",0.000620902340515531
"637",0.0128544258893908
"638",0.0119841350534418
"639",0.0221561124498384
"640",0.0124762452227868
"641",0.0235129189251569
"642",0.0151189186868975
"643",0.00373549489096353
"644",0.0255155003086139
"645",0.0172185741464253
"646",0.00970343184901257
"647",0.0118606156511503
"648",0.0105661585643315
"649",0.00766094555719916
"650",0.0248691489358517
"651",0.0169020154722496
"652",0.0113218477659819
"653",0.0144715246817815
"654",0.0138652500629181
"655",0.0170993266647218
"656",0.00992285618148387
"657",0.00196502396811
"658",0.0262678232598059
"659",0.0105810646180573
"660",0.0288517181694184
"661",0.00500022390561683
"662",0.0172890838592407
"663",0.00261268138967553
"664",0.00728472622238986
"665",0.0214160778904891
"666",0.00844622983441328
"667",0.0137532846542273
"668",0.011419707836465
"669",0.0170961083616831
"670",0.00834184417594157
"671",0.0185140807088895
"672",0.0226464600185769
"673",0.010135518750882
"674",0.016248175349362
"675",0.0136058233411654
"676",0.00919209504627956
"677",0.00525513536064941
"678",0.00941026164755912
"679",0.0212789802609855
"680",0.0205406142596364
"681",0.028011289670191
"682",0.0105240499111773
"683",-0.000472692689626521
"684",0.0190480327350456
"685",0.00300621503717978
"686",0.000723896668317307
"687",0.0110328444185385
"688",0.0210024315924826
"689",0.0117290233166458
"690",0.00699286724420809
"691",0.00855529302213776
"692",0.0248580110207405
"693",0.00610112637939812
"694",0.0113503091655362
"695",0.0213267082307635
"696",0.0201444108729689
"697",0.00594247845888168
"698",0.0209830008655832
"699",0.00468226494653187
"700",0.00655113576557071
"701",0.0188514390913268
"702",-0.00443514297979994
"703",0.0202482376750075
"704",0.00127353919263663
"705",0.0136417909313593
"706",0.015706728465857
"707",0.0115860276162811
"708",-0.00187523975114329
"709",0.0160357548348625
"710",0.0149067070666744
"711",0.0101596998648274
"712",0.00547015877480046
"713",0.0227435100824103
"714",0.000457238715248706
"715",0.0197527541186145
"716",0.0166038531618273
"717",0.0208790478401103
"718",0.0212582324430842
"719",0.0290933453309809
"720",0.00950646226427957
"721",0.0306837194013034
"722",0.00591446311730718
"723",0.0192770523091025
"724",0.0184896962963271
"725",0.00912234658220347
"726",0.0165793185526004
"727",0.00440342439971917
"728",0.0114126802552937
"729",0.0194138953483647
"730",0.0142873479842309
"731",0.0103312567741671
"732",0.0108665117954783
"733",0.0251611531306209
"734",0.0201983449894794
"735",0.0297900886156208
"736",0.0113861328722439
"737",0.00729822116797631
"738",0.0175294406387724
"739",0.0111104368809298
"740",0.0183509041252274
"741",0.0174830171653775
"742",0.00935801528690769
"743",0.0230154631308528
"744",0.0143868141832572
"745",0.0119214348492755
"746",0.00712890297767158
"747",0.00682362710591326
"748",0.0207427204570696
"749",0.0116848173405705
"750",0.0140270284988038
"751",0.0134573108095258
"752",0.0223029746344231
"753",0.0157330840678503
"754",0.0155504134217297
"755",0.00234924609083096
"756",0.0127537965579618
"757",0.00275150799439305
"758",0.0176468739598957
"759",0.0190692053653856
"760",0.000755021573178139
"761",0.00644627487127573
"762",0.0105979331407359
"763",0.0166584531267635
"764",0.0177825979688822
"765",0.0100208257451517
"766",0.00815474734280821
"767",0.017096607571793
"768",0.00719486459558889
"769",0.0250825871599463
"770",0.0163136576744625
"771",0.0278750536132815
"772",0.0075207789452433
"773",-0.00424607733707128
"774",0.0228758649690648
"775",0.0204132690647831
"776",0.00852052333265453
"777",0.00296758617217972
"778",0.0204158198807295
"779",0.00851806870744125
"780",0.00827168327633545
"781",0.00893641252155447
"782",0.013715310306973
"783",-0.0015805887362031
"784",0.0201458684913419
"785",0.0276357699044568
"786",0.018274218469136
"787",0.0156176746547155
"788",0.028823708189888
"789",0.0195305836832706
"790",0.0140940617851527
"791",0.0197213632347611
"792",0.0143333362839792
"793",0.0129312270182894
"794",0.00660891054626114
"795",0.0284394038510624
"796",0.0110046329503122
"797",0.0247866680094207
"798",0.0216769647867647
"799",0.0157861297915651
"800",0.0241768835654363
"801",0.0209781856867951
"802",0.00820134584168781
"803",0.000322856939341245
"804",0.0192333633470894
"805",0.0235414728936415
"806",0.0136812910941636
"807",0.00662133410965205
"808",0.0142318210093629
"809",0.0144464496415351
"810",0.013991916429507
"811",0.010882237241177
"812",0.0191837385940118
"813",0.0162528805717943
"814",0.00240491028793309
"815",0.0228429292461851
"816",0.0121704290071312
"817",0.0092961988303507
"818",0.0188025390399819
"819",0.00383467156315388
"820",0.0133606557341608
"821",0.0189651099327356
"822",0.0332048005176663
"823",0.00865694722098288
"824",0.0101788630730522
"825",0.00637005061762866
"826",0.0159573071208508
"827",0.0233675214894368
"828",0.0213876774863006
"829",0.0228248573716426
"830",0.0130022585483077
"831",0.00458168899468806
"832",0.0145049181228757
"833",0.0103203112667132
"834",0.00927676113405448
"835",0.00965510122427174
"836",0.0120184843125468
"837",0.027959266766615
"838",0.0186243199616468
"839",0.00726378844543147
"840",0.0170954002604143
"841",0.0199339671336176
"842",0.0174712472338453
"843",0.0042201942386248
"844",0.00929115949606231
"845",0.018054497103255
"846",0.0163234154397836
"847",0.0131106160863054
"848",0.0107555891085535
"849",0.0236702848770753
"850",0.0224229664446249
"851",0.0130871877181388
"852",0.0122528418763885
"853",0.0124357367629951
"854",0.00921088043450825
"855",0.00700565662304557
"856",0.00625623973992912
"857",0.0159744543927788
"858",0.0172157903658244
"859",0.0076696081099374
"860",0.0179516055765463
"861",0.00955328143387058
"862",0.0213186652273645
"863",0.0138470992404722
"864",0.0191531960815384
"865",0.0133251338668678
"866",0.0111366538115968
"867",0.00145276974067925
"868",0.00697161302460775
"869",0.0112221116707279
"870",0.0128004805998947
"871",0.0197672908389982
"872",0.00891093366636327
"873",0.0231062758466253
"874",0.0073634630469927
"875",0.00975254368965523
"876",0.0103223705961636
"877",0.0223680199635953
"878",0.0162159476615668
"879",0.0155213986590035
"880",0.0272449597933856
"881",0.018440100490263
"882",0.0182769219789277
"883",0.0105726480611697
"884",0.0253229499435537
"885",0.017794173508654
"886",0.01530723429899
"887",0.0128662827390518
"888",0.0109477060126331
"889",0.0138370363129949
"890",0.027039607134974
"891",0.0214167010583833
"892",0.0129616041376739
"893",0.0173327408767563
"894",0.0141389699978564
"895",0.0155041487117577
"896",0.0212852021237111
"897",0.0125790564703483
"898",0.0185790930190728
"899",0.0194081095463913
"900",0.0113220294902694
"901",0.01594585116132
"902",0.0216930809972882
"903",0.0125935132318857
"904",0.0124428132636681
"905",0.00938731990241855
"906",0.0086431938660404
"907",-0.000175248255392551
"908",0.0327203416765504
"909",0.0088995688815555
"910",0.00843619159945351
"911",0.017974182547849
"912",0.0194518512519672
"913",0.0154356884903239
"914",0.0209146232906661
"915",0.0206476595122882
"916",0.00916544497710625
"917",0.00888771348141021
"918",0.0107958667436033
"919",0.0157913256841891
"920",0.00523625085901901
"921",0.0160569360035621
"922",-0.0058429339202619
"923",0.00254574011709476
"924",-0.0108539423531309
"925",0.00732831953501003
"926",0.019259726302437
"927",0.018645476844002
"928",0.00733412164944484
"929",0.00935306922650006
"930",0.0179792683761655
"931",0.0130407683865764
"932",0.0197854331331
"933",0.014729066541399
"934",0.00653318918278536
"935",0.0194795508964796
"936",0.00411080850823803
"937",0.0118499858461221
"938",0.0266452137053692
"939",0.0209261934093511
"940",0.00799544416527951
"941",0.0118805485034274
"942",0.00582214522710409
"943",0.0270733739740962
"944",0.0207434096962206
"945",0.017693286246299
"946",0.022847825465971
"947",0.0140054862432363
"948",-0.00146762694795199
"949",0.0209779513436698
"950",0.0349360168308971
"951",0.0248199208245961
"952",0.0033757051561893
"953",0.00532523361398313
"954",0.0133810804798972
"955",0.0173868318456969
"956",0.00191695578785726
"957",0.00629280295633605
"958",0.00172926621510247
"959",0.00117069144831771
"960",0.0104646764765868
"961",0.0170832164421814
"962",0.0137218240210279
"963",0.0167860576240981
"964",0.0183092754968624
"965",-0.00321161725094933
"966",0.021503302558421
"967",0.00626555975483677
"968",0.0192229525628336
"969",0.00720101414633294
"970",0.0128791579460926
"971",0.0170533927382792
"972",0.0174809879879126
"973",-0.0032341717786334
"974",0.0205701591020204
"975",0.0157682390566734
"976",0.00215766215789284
"977",-0.000757915656060225
"978",0.0204533319917686
"979",0.00464182197761871
"980",0.00873611378965543
"981",0.0123296298193174
"982",0.0152488592400492
"983",0.0192473372141561
"984",0.0203090067764801
"985",0.0225138292757967
"986",-0.000863928637827961
"987",0.0286961647180214
"988",0.0138954569791083
"989",0.0160008273009563
"990",0.0096889941329482
"991",0.0241381987542358
"992",0.0104599701649346
"993",0.00336208712742615
"994",0.012989885978833
"995",0.0290810666532894
"996",0.00182677680168303
"997",0.0259005993018319
"998",0.0144088815698848
"999",0.0111479315182315
"1000",0.0117961790000356
"1001",0.0211842063426172
"1002",0.0182688464850992
"1003",0.00211876108379955
"1004",0.0150124097598894
"1005",0.0034244347550024
"1006",0.0215495419849159
"1007",0.0101619126980799
"1008",0.0197069312944575
"1009",0.0231404705198833
"1010",0.00737867364572828
"1011",0.0229522425356827
"1012",0.0122581707913267
"1013",0.00404478128280291
"1014",-0.000211936170063821
"1015",0.017508809376702
"1016",0.0175989227142531
"1017",0.00939554276701997
"1018",0.0110009908158999
"1019",0.016723319135079
"1020",0.0282974266881697
"1021",0.0229864435155091
"1022",0.0233076604598557
"1023",0.0176076475114345
"1024",0.00763515275420825
"1025",0.027039882583908
"1026",0.0200489283634149
"1027",0.0147706753835579
"1028",0.00654426462185231
"1029",0.0119454011788349
"1030",0.0327219629644557
"1031",0.0163563719640657
"1032",0.0137388482782486
"1033",0.0064373477547099
"1034",0.0195897017271073
"1035",0.0226371247122016
"1036",0.0127354456188158
"1037",0.00994676945601693
"1038",0.00766186293814003
"1039",0.0168308824818204
"1040",0.0125170123568867
"1041",0.0112396866067926
"1042",0.0176072622307777
"1043",0.0179797208715092
"1044",0.00407402702189393
"1045",0.00786626769961258
"1046",0.00901685059491399
"1047",0.0126198088169205
"1048",0.00243759466413923
"1049",0.021891055669532
"1050",0.00843518247998323
"1051",0.0159569469614744
"1052",0.01186073503429
"1053",0.0129535798085103
"1054",0.00158923693624689
"1055",0.0124363719107434
"1056",0.0110701661546089
"1057",0.00541596532407383
"1058",0.0133631325593451
"1059",0.00730052878858354
"1060",0.0137207602662396
"1061",0.0181324672419039
"1062",0.0173183817109096
"1063",0.0183918021163877
"1064",0.0130571302358266
"1065",0.0167376783042519
"1066",0.0104179053065909
"1067",-0.00443421272633814
"1068",0.0147737643577763
"1069",0.0133597098810143
"1070",0.00790772155828563
"1071",0.0189036927881538
"1072",0.00375341954410333
"1073",0.00987387753768926
"1074",0.0156835294639444
"1075",0.0239725729633047
"1076",0.0173835491292856
"1077",0.00953353507027858
"1078",0.00403010861495294
"1079",0.0114831074006447
"1080",0.00383711093937015
"1081",0.0141272258544939
"1082",0.00670473761815973
"1083",0.00193321740938721
"1084",0.0218673684130416
"1085",0.00459608192248752
"1086",0.0280296041941809
"1087",0.0206214761106664
"1088",0.0135782172021557
"1089",0.0148127013032911
"1090",0.016381175733676
"1091",0.010508426656057
"1092",0.0170033896328645
"1093",0.0134711228379056
"1094",0.0196229820930732
"1095",0.0121669809532082
"1096",0.00910864200293849
"1097",0.0143458424324026
"1098",0.0188683053369938
"1099",0.0288004952642896
"1100",0.0108692159670785
"1101",0.00848587707200577
"1102",0.011378105031314
"1103",0.0265584120627593
"1104",0.00724055722749562
"1105",0.00579151910903048
"1106",0.00664841221132289
"1107",0.0200748802841494
"1108",0.0065905477810631
"1109",0.0225606637110226
"1110",0.014514400974945
"1111",0.00681094034972039
"1112",0.00493842839156715
"1113",0.0180481596284136
"1114",-0.00203016668413686
"1115",0.017998121037437
"1116",0.0101070937550477
"1117",0.0122615755455613
"1118",0.00639260354877902
"1119",0.00736751303371828
"1120",0.00215259051985213
"1121",0.00964800983224829
"1122",0.00698291947068477
"1123",0.0116658507854772
"1124",0.00740049568365515
"1125",0.0179675429610911
"1126",0.0162471340172439
"1127",0.00922301541263632
"1128",0.00727383151572895
"1129",0.00867754119416008
"1130",0.0115398574531198
"1131",0.0251420721991641
"1132",0.00956464142367344
"1133",0.0242348438332842
"1134",0.0125471705816273
"1135",0.0187129051503504
"1136",0.0179591201228677
"1137",0.0188012804287831
"1138",0.00489854131238581
"1139",0.025311898349111
"1140",0.0114262991053947
"1141",0.0114095165593492
"1142",0.00694535786925781
"1143",0.0110467340781267
"1144",0.0207301212725144
"1145",0.0189991004848686
"1146",-0.00198224000639664
"1147",0.0141555749514913
"1148",0.0193264400692309
"1149",0.0112646540965996
"1150",0.00629017448361227
"1151",0.02232228121806
"1152",0.0126757224655617
"1153",0.0135076145223517
"1154",0.0207456725370227
"1155",0.017771522436433
"1156",0.0140121765219565
"1157",0.022041407976323
"1158",-0.000348622973515142
"1159",0.0133199682936203
"1160",0.0168296079698868
"1161",0.0156657017089259
"1162",0.0100120160962031
"1163",0.0226248279334251
"1164",0.0191067152397695
"1165",0.00251150054455354
"1166",0.000594385156144836
"1167",-0.00101630695050285
"1168",-0.00140197116928284
"1169",0.0285038009911558
"1170",0.0194132378537175
"1171",0.012095270422976
"1172",0.0206759478249045
"1173",0.0160526171478357
"1174",0.0130966909892627
"1175",0.0202124911772396
"1176",0.00309499961598573
"1177",0.0222827499770857
"1178",0.0138663867836634
"1179",0.00910563578363254
"1180",0.00861541114950824
"1181",0.0141953055167114
"1182",0.0192233730828898
"1183",0.011732701657619
"1184",0.00358136707283118
"1185",0.0112761883228669
"1186",0.00699040407995491
"1187",0.0216731043601221
"1188",0.00644210495097009
"1189",0.0249267299340645
"1190",0.0214438248446859
"1191",0.022195157695417
"1192",0.0170951091082435
"1193",0.0171278558766843
"1194",0.00482063479706256
"1195",0.0138358039766472
"1196",0.00827461143103365
"1197",0.00834763447717738
"1198",0.0128810738087202
"1199",0.00645814629005505
"1200",0.0189745483966038
"1201",0.0128529305621186
"1202",0.0110881633538212
"1203",0.0149710838949975
"1204",0.0129367575954608
"1205",0.0179600617577787
"1206",0.021195193617724
"1207",0.0098768063245886
"1208",0.00267952079505264
"1209",0.0181615285800307
"1210",0.00948812149761747
"1211",0.0279945216516929
"1212",0.015939645271138
"1213",0.0118133992963022
"1214",0.0196808372063812
"1215",0.00465441561590604
"1216",0.0057183463285893
"1217",0.0192757420301409
"1218",0.0285899478277691
"1219",0.0126711345735534
"1220",0.0159657792886716
"1221",0.0199575426314652
"1222",0.0191270120434545
"1223",0.0176280205238529
"1224",0.0228629599479102
"1225",0.0160921276737685
"1226",0.0115195710629306
"1227",0.00416062031403061
"1228",0.0180231646701511
"1229",0.00970113789178272
"1230",0.00222943777360328
"1231",0.00515040573113762
"1232",0.00500429340978631
"1233",0.0184455215262947
"1234",0.00832616965414682
"1235",0.00844676083103693
"1236",0.0215036961185632
"1237",0.00207744517708549
"1238",0.0150748426781429
"1239",0.0209304928471395
"1240",0.0218798666654189
"1241",0.0196231714014186
"1242",0.0171236465709577
"1243",0.00865003281386705
"1244",0.0209033563398955
"1245",0.00846222686143774
"1246",0.0134176903366408
"1247",0.00515997422060356
"1248",0.000566945398733577
"1249",0.00798691979179417
"1250",0.0184516494779363
"1251",0.0174217085117365
"1252",0.0138904892300601
"1253",0.0184915537916319
"1254",0.00636649652825168
"1255",0.00544799603473452
"1256",0.00778474276245422
"1257",0.00529902309695694
"1258",0.014681097239903
"1259",0.00874926692441322
"1260",0.0135316791199673
"1261",0.00741094193996745
"1262",0.0200809191791849
"1263",0.0186054158942901
"1264",0.00845249016512338
"1265",0.0190259001727982
"1266",0.0144851005264755
"1267",0.0161320448022147
"1268",0.0226793718844237
"1269",0.0025006046956932
"1270",0.0141082756252338
"1271",-0.00100583577367659
"1272",0.00440201939714974
"1273",0.0157121716186513
"1274",0.0120074174805727
"1275",0.0227152775380631
"1276",0.0186296699731607
"1277",0.0180240013722045
"1278",0.00516814224024176
"1279",0.0182129057454058
"1280",0.0210847333854161
"1281",0.0110084476414881
"1282",0.0222642181175173
"1283",0.0173753351140071
"1284",0.00837307376991392
"1285",0.023725107900651
"1286",0.0272583100172739
"1287",0.0185592101757826
"1288",0.00425505051949665
"1289",0.0268954683384951
"1290",0.0166367620181849
"1291",0.0248919056466022
"1292",0.0232095559370723
"1293",0.0114272909156383
"1294",0.00962990068386734
"1295",0.0239958638341072
"1296",0.0157933091426627
"1297",0.0019602174807948
"1298",0.0298609649507089
"1299",0.0157582427358564
"1300",0.00857831472528837
"1301",0.0163065181018108
"1302",0.0088305433303587
"1303",0.00662927766740449
"1304",0.0158523535783239
"1305",0.00560036396435283
"1306",0.0140368002183633
"1307",0.00816042390058713
"1308",0.0188850738789614
"1309",0.00951898532940993
"1310",0.00636984750946903
"1311",0.0110351053987088
"1312",0.0101811325241683
"1313",0.023728109496168
"1314",0.0154279963816128
"1315",0.0170438296003568
"1316",0.0139316035235358
"1317",0.0125708195850816
"1318",0.0201577643843592
"1319",0.0188209262100222
"1320",0.00361394172364909
"1321",0.00805804805714969
"1322",0.0159974703266095
"1323",0.0109315305913537
"1324",0.0101282404634564
"1325",0.00461705859211496
"1326",0.0182346810203677
"1327",0.0122692539859974
"1328",0.0122220341120305
"1329",0.0109907397437749
"1330",0.0269717581325982
"1331",0.00642547356448203
"1332",0.0102422956467283
"1333",0.00476328207577652
"1334",0.00695543132978383
"1335",0.0210187853717734
"1336",0.0089302338519142
"1337",0.0166347155110535
"1338",0.00887311866385372
"1339",0.000152879584636995
"1340",0.0204236359395759
"1341",0.0281768981985423
"1342",0.0143740812720227
"1343",0.0213488577322405
"1344",-0.000454167118233415
"1345",0.0119449106605918
"1346",0.0169286970017278
"1347",0.0126069714467677
"1348",0.0169401641871906
"1349",0.0140412614138719
"1350",0.021488147308316
"1351",0.00581521361064761
"1352",0.0185284330457839
"1353",0.0156313373809504
"1354",0.0119016196756487
"1355",0.00401080575666879
"1356",0.0206027465793214
"1357",0.00300139125281447
"1358",0.0205561970861274
"1359",0.024454529757834
"1360",0.0172528898872607
"1361",0.0142489480120782
"1362",0.0245535026719784
"1363",0.00552601346722764
"1364",0.0110252904336863
"1365",0.0173821448933212
"1366",0.0169822562377218
"1367",0.0246524932579804
"1368",0.00211314491008897
"1369",0.0116592188348617
"1370",0.0214972342213557
"1371",0.0155071429125108
"1372",0.0176793843785702
"1373",0.00993387882792453
"1374",0.00817474784869371
"1375",0.0133615690449776
"1376",0.00627937776279546
"1377",0.0289769476105692
"1378",0.0174504993754543
"1379",0.00620115811284256
"1380",0.0113655259165907
"1381",0.0136596542273069
"1382",0.0114755201580251
"1383",0.00971432874007857
"1384",0.00715041548591386
"1385",0.0166729568646937
"1386",0.0172957471494739
"1387",-0.00381953626472214
"1388",-0.00251973137175749
"1389",0.0046451068458294
"1390",0.0101753014918785
"1391",0.0161312345311079
"1392",0.00943152602540338
"1393",0.0230404833625137
"1394",0.0222124128718907
"1395",0.00704989481582511
"1396",0.00327538845548506
"1397",0.0211616211480976
"1398",0.00975705279990105
"1399",0.0223016514049959
"1400",0.019323741649266
"1401",0.00518077158007041
"1402",-0.00242306887296266
"1403",0.00685794895731101
"1404",0.0168203651217848
"1405",0.0177154163695767
"1406",0.0165943516494415
"1407",0.0152153218925592
"1408",0.0128258809459811
"1409",0.017080872885383
"1410",0.0266341155692924
"1411",0.0166353429482107
"1412",0.015161094908786
"1413",0.0112433375908503
"1414",0.00610942086709067
"1415",0.00886246412622602
"1416",0.0266267410202776
"1417",0.013124104544409
"1418",0.0177409956933744
"1419",0.00717173997689536
"1420",0.0155997111993892
"1421",0.00225757659590884
"1422",0.011434864566354
"1423",0.00328665710754523
"1424",0.0193260771966188
"1425",0.0171765895766092
"1426",0.0117785483639978
"1427",0.0189457067309332
"1428",0.0134111974001402
"1429",0.012078940091581
"1430",0.0147829690919969
"1431",0.0218470726230652
"1432",0.0151718726791366
"1433",0.0199829717839133
"1434",0.0247123780515539
"1435",0.0184287078879579
"1436",0.00520507608916221
"1437",0.00340082381092408
"1438",0.0117344824325864
"1439",0.00805781875299461
"1440",0.0198155268403967
"1441",0.0138623509150555
"1442",0.0132694454034444
"1443",0.0152659123582515
"1444",0.00406521359380666
"1445",0.020144312444936
"1446",-0.0100050288759068
"1447",0.00391767740166783
"1448",0.00212516887447875
"1449",0.0107734727561897
"1450",0.0151771983318326
"1451",0.0109546122235446
"1452",0.00659291107299677
"1453",0.0042682429346561
"1454",0.0104761076876052
"1455",0.0226037927219173
"1456",0.0319126108003977
"1457",0.00579730349851074
"1458",0.0180251304072655
"1459",0.0120392318010179
"1460",0.0189038331821194
"1461",0.0171246577109797
"1462",0.00820733306068623
"1463",0.0137962537119643
"1464",0.0147449221591117
"1465",-0.00468610377024321
"1466",0.00702288950396838
"1467",0.0195876223198486
"1468",0.0119337651113011
"1469",0.0112272078787017
"1470",0.0118263131093946
"1471",0.0191370433342924
"1472",0.0111455909598778
"1473",0.00741102430039652
"1474",0.0146785956057034
"1475",0.0175679654153939
"1476",0.012539202289764
"1477",0.0105811067776753
"1478",0.0111824363028936
"1479",0.0121528140619277
"1480",0.00390690735522322
"1481",0.0133075644630752
"1482",0.0105197545596355
"1483",0.0138710951136986
"1484",0.0127230213554147
"1485",0.00713280235049314
"1486",0.0243707506629512
"1487",0.014455571005691
"1488",0.0157067634099909
"1489",0.013290546848591
"1490",0.0248931925909743
"1491",0.0105665721606631
"1492",0.0122839052702342
"1493",0.00826773159337999
"1494",0.0146465324308467
"1495",0.0130224194691429
"1496",0.00814814132303419
"1497",0.0190823975109991
"1498",0.00641242993501442
"1499",0.0141883058780737
"1500",0.0198997642097008
"1501",0.00625190874948326
"1502",0.00906520307718753
"1503",0.0173737660385515
"1504",0.00967958350973328
"1505",0.00442771578489798
"1506",0.00889544143334289
"1507",0.00870801166773561
"1508",0.0134599023653609
"1509",0.00298701533474861
"1510",0.0130600228666763
"1511",0.0102090751111163
"1512",0.0189506852517952
"1513",0.0086771002744552
"1514",0.0202051073465829
"1515",0.02178884638381
"1516",0.00672256325906278
"1517",0.0267314976620902
"1518",0.0192087281126117
"1519",0.0255147385686283
"1520",0.0204121496888266
"1521",0.0136024408462223
"1522",0.0186465917092334
"1523",0.00995532223111508
"1524",0.0197119728093889
"1525",0.00859412731758986
"1526",0.00649491462850571
"1527",0.0154819764617662
"1528",0.0109215159676471
"1529",0.00947062541657693
"1530",0.019735630035064
"1531",0.00735011984114164
"1532",0.00733413981404894
"1533",0.0125238604492287
"1534",0.0141725412748447
"1535",0.0249577406757267
"1536",0.0118745203730243
"1537",0.0188171123550217
"1538",0.0169030505888882
"1539",0.00933525054814775
"1540",0.00627421321386939
"1541",0.000452201290282156
"1542",0.024533090980403
"1543",0.0069039896131887
"1544",0.013794905691625
"1545",0.0223100299584952
"1546",0.00242508886663196
"1547",0.0136507259668902
"1548",0.0217935754533998
"1549",0.00804256002986313
"1550",0.0173346954473256
"1551",0.008148653912095
"1552",0.0240662353128257
"1553",0.00492355548269148
"1554",0.00886767194960114
"1555",0.0237331073586982
"1556",0.0177329949736611
"1557",0.00293558353379602
"1558",0.0179219936343448
"1559",0.0136223816516399
"1560",0.00488668298913128
"1561",0.0146451481726464
"1562",0.00691655457705802
"1563",0.0181823971800813
"1564",0.0216273226176922
"1565",0.00908004659124857
"1566",0.0159194324366906
"1567",0.0190263825973675
"1568",0.018623632094696
"1569",-0.0016732370356485
"1570",0.00894591459069773
"1571",0.0105910827454914
"1572",0.0207425668054239
"1573",-0.00134343150353549
"1574",0.0137909711545934
"1575",0.0117301271447718
"1576",0.0193610998481004
"1577",0.0119040439531662
"1578",0.00557199599958663
"1579",0.0276369031487177
"1580",0.0209563950655412
"1581",0.0161107984352839
"1582",0.013971916438769
"1583",0.0113999903413614
"1584",0.0080572002133569
"1585",0.0159918497138013
"1586",0.0271800474459861
"1587",0.00648347450328846
"1588",0.00773845728329896
"1589",0.0295214536487381
"1590",0.0156848737905685
"1591",0.010904309801824
"1592",0.00826121739436774
"1593",0.0153282688197516
"1594",4.55717906136622e-05
"1595",0.00869777684904586
"1596",0.0128597514860941
"1597",0.0267928132403238
"1598",0.0224172664983966
"1599",0.0206560248852224
"1600",0.0284910432945343
"1601",0.0259457913776756
"1602",0.0203670415249083
"1603",0.0132101155978022
"1604",0.0236837902405731
"1605",0.0236452776240062
"1606",0.00976462239468786
"1607",0.00618461035510288
"1608",0.00882093154838477
"1609",0.00782632687850473
"1610",0.012132949194864
"1611",0.0153454203051722
"1612",0.0182190470569047
"1613",0.00573910409789591
"1614",0.0200321492110967
"1615",0.00648920915645469
"1616",0.0156539028066348
"1617",0.00958603596163324
"1618",0.00761136736480608
"1619",0.0173113252928713
"1620",0.0255952295593355
"1621",0.014393020125691
"1622",0.0305017418749849
"1623",0.0138890157671579
"1624",0.0153265026860639
"1625",0.0100351836840387
"1626",0.00564793722001117
"1627",0.0059506481916741
"1628",0.00940700782397919
"1629",0.0161685256985063
"1630",0.00899637754743744
"1631",0.0192342000216075
"1632",0.0152115936580471
"1633",0.0101943759823865
"1634",0.0183834394171356
"1635",0.00835903062226983
"1636",0.00949992510833335
"1637",0.0229040510771508
"1638",0.0197047648960892
"1639",0.0158489683373245
"1640",0.00925787231029036
"1641",0.00929478555692034
"1642",0.00290550265153675
"1643",0.00256522954643427
"1644",0.0230108166685553
"1645",0.0136496909582248
"1646",0.0185345876933836
"1647",0.0190943956516185
"1648",0.0219572811381702
"1649",0.00812611371316547
"1650",0.013763305516214
"1651",0.0176670488539311
"1652",0.0162950160630072
"1653",0.0155653309647453
"1654",0.0178464515249644
"1655",0.0114035668942055
"1656",0.0244299546023251
"1657",0.013019175391423
"1658",0.017556708396334
"1659",0.00619815242955466
"1660",0.0178244270197199
"1661",0.0119487919428565
"1662",0.0193479318990408
"1663",0.00458860835862283
"1664",0.00711588075655404
"1665",0.021121539040614
"1666",0.0323586537937591
"1667",0.0129420441624462
"1668",0.00850860407293498
"1669",0.00695380370584558
"1670",0.00724096230212042
"1671",0.0223039863340766
"1672",0.00419287227087852
"1673",0.0152028342465237
"1674",0.00889638291799428
"1675",0.0162980343540627
"1676",0.00389141166546922
"1677",0.0093479138778505
"1678",0.0220919683421698
"1679",0.0123557029130049
"1680",0.0197771838466339
"1681",0.0125493812503659
"1682",0.0288965044936414
"1683",0.0230934788248815
"1684",0.00641671493724811
"1685",0.0247604788472026
"1686",0.00745672242754759
"1687",0.0120771949401231
"1688",0.00814437270138945
"1689",0.0224751513497817
"1690",0.0156819607591074
"1691",0.00928588971895191
"1692",0.00778160441271407
"1693",0.0139994490572402
"1694",0.0120013298321777
"1695",0.0127174510720048
"1696",0.00109142393209844
"1697",0.0111628102941162
"1698",0.00920270563448153
"1699",0.0079231600807384
"1700",0.010058583707819
"1701",0.0172122156325237
"1702",0.0184412439735122
"1703",0.0111104632954977
"1704",0.0108930101425622
"1705",0.00810652075763054
"1706",0.0104134458610443
"1707",0.00398642768179082
"1708",0.0254181644208765
"1709",0.0126312021226488
"1710",0.0173947265723883
"1711",0.000469468182475961
"1712",0.0101969014105415
"1713",0.0221887349151169
"1714",0.0166526731521878
"1715",0.01755946362723
"1716",-0.00144714557555613
"1717",0.00877584130552451
"1718",0.021477827267148
"1719",0.0142870356237372
"1720",0.0114952427213874
"1721",0.0158005274189587
"1722",0.015481429507821
"1723",0.0204590966386675
"1724",8.08389840815374e-05
"1725",0.0173911193077403
"1726",0.0104249171909661
"1727",0.0164374525683
"1728",0.021706948068835
"1729",-0.00535696566532962
"1730",-0.000242162401228237
"1731",0.00751409296662201
"1732",0.0176403643520338
"1733",0.0155266228735172
"1734",0.020358781828741
"1735",0.00869141570894428
"1736",0.0188840007840564
"1737",0.00417660618926548
"1738",0.0151837664518729
"1739",0.0101295649104521
"1740",0.010972823564767
"1741",0.0174184532873562
"1742",0.0225634279154358
"1743",0.0114028163072861
"1744",0.0161895700116249
"1745",0.0240121689948754
"1746",0.0192733615342184
"1747",0.012606503850993
"1748",0.0114544497703032
"1749",0.0226092509307847
"1750",0.0261469040791478
"1751",0.0133078029378517
"1752",0.0110057334511437
"1753",0.0145332413732774
"1754",0.0101957062723561
"1755",0.0162505162801763
"1756",0.00992654060601032
"1757",0.0082173737283264
"1758",-0.00125448332451791
"1759",0.00764064010394959
"1760",0.00977421526691215
"1761",0.0142506757667623
"1762",0.0149066158776023
"1763",0.0193391081250708
"1764",0.0111769879939559
"1765",0.0161251973262128
"1766",0.0220410209728659
"1767",0.0057223763195438
"1768",0.0101923039017043
"1769",0.00664560866572898
"1770",0.0120327750521162
"1771",0.0177876692642276
"1772",0.0159999116239945
"1773",3.66044834021516e-05
"1774",0.0257148287894831
"1775",0.0107760586156391
"1776",0.0104206060689543
"1777",0.00538396318328348
"1778",0.00226569294965038
"1779",0.0048625516104445
"1780",0.0151964416593949
"1781",0.0181550565059805
"1782",0.0103405496920402
"1783",0.00442748760551353
"1784",0.00913845382311968
"1785",0.0196118205440278
"1786",0.0136495484222668
"1787",0.0101322113751958
"1788",0.0168458432043072
"1789",0.0125691718038689
"1790",0.019290019604327
"1791",0.016653091136425
"1792",0.0186729128070302
"1793",0.00512881420052266
"1794",0.013785314047887
"1795",0.00474459297476045
"1796",0.00823266407153752
"1797",0.0146514648484765
"1798",0.00408868509696116
"1799",0.0206101797338551
"1800",0.0168704619628575
"1801",0.0199107531741976
"1802",0.011261456293645
"1803",0.00744764793005775
"1804",0.0107793242871843
"1805",0.0138468589447692
"1806",0.0211254525486017
"1807",0.0179959882153513
"1808",0.0168368663332119
"1809",0.0112960594052618
"1810",0.0115202589774676
"1811",0.00645130970052572
"1812",0.0130305298296996
"1813",0.0172804144015275
"1814",0.0107843631939731
"1815",0.0209181319777321
"1816",0.0170118879568882
"1817",0.029544589445835
"1818",0.00981548035908048
"1819",0.00846638452749163
"1820",0.011606266200324
"1821",0.0182039057424974
"1822",0.0177873423753826
"1823",0.0123635004364645
"1824",-0.000917853735564334
"1825",0.0204485424265322
"1826",0.00926789239771946
"1827",0.00324210772376392
"1828",0.0125032653207749
"1829",0.0144413905964766
"1830",0.0213446638869259
"1831",0.0221692884079213
"1832",0.015106944047622
"1833",0.0265691640095317
"1834",0.00160654709139889
"1835",0.00222428009810875
"1836",0.00719046114360143
"1837",0.0179455536816031
"1838",0.0184829597124572
"1839",0.0225301841946524
"1840",0.0131765345807534
"1841",0.00896544275825728
"1842",0.00677440545749665
"1843",0.021413328531831
"1844",0.0219470302508787
"1845",0.0179205702468815
"1846",0.00938205416702229
"1847",0.0208326814744876
"1848",0.0109223485793941
"1849",0.0197272386812669
"1850",0.00991056128369001
"1851",0.0163890463746922
"1852",-0.00841091677182167
"1853",0.00870651546754411
"1854",0.0183954932696807
"1855",6.84514797295718e-05
"1856",0.020958992300272
"1857",0.00510742414657615
"1858",0.0116360966178572
"1859",0.0179151837374347
"1860",0.0207937851786188
"1861",0.00916140187161915
"1862",0.00872419824228379
"1863",0.0173043751740376
"1864",0.0253859431429121
"1865",0.00872004851332656
"1866",0.0248353480394397
"1867",0.00763543684616456
"1868",0.00967189408826857
"1869",0.0033749235998859
"1870",0.00904908337866215
"1871",0.00754028572172793
"1872",0.00577086648851231
"1873",0.0155946550982126
"1874",0.0163334645751938
"1875",0.00490602422123008
"1876",0.0138465211540238
"1877",-0.00188048765459507
"1878",0.0117504019777645
"1879",0.0339505625373658
"1880",0.0203881679085863
"1881",0.0299448955749966
"1882",-3.98064092400886e-05
"1883",0.00944487973990426
"1884",0.0133157375891972
"1885",0.0167958445843896
"1886",-0.00120621534833186
"1887",0.0158632855118515
"1888",0.0243889803858718
"1889",0.00288550062649916
"1890",0.0117120558995667
"1891",0.00528638834246467
"1892",0.00516972797954637
"1893",0.0184832434441944
"1894",0.0220358080799908
"1895",0.0278232542222081
"1896",0.0103575644174666
"1897",0.01945448815327
"1898",0.0162896434634724
"1899",0.0183443610309209
"1900",0.0122791225861083
"1901",0.0188463032285148
"1902",0.0198446110334254
"1903",0.01924280472336
"1904",0.0180914925981904
"1905",0.0106057066418059
"1906",0.0165124969300044
"1907",0.0155197099630094
"1908",0.0139724275157278
"1909",0.0141546416005054
"1910",0.0176881798297786
"1911",0.0060698489431752
"1912",0.0146381583437554
"1913",0.00456366065925065
"1914",0.0173941272121121
"1915",0.00658372711805091
"1916",0.0075517525481377
"1917",-0.00123913319987713
"1918",0.0216024183885802
"1919",0.0172268018928607
"1920",0.0140446752617293
"1921",0.0111626975534388
"1922",0.0176394522978795
"1923",0.00438277118067659
"1924",0.0208526579783936
"1925",0.0189815501802492
"1926",0.0103883687520922
"1927",0.000242026082655008
"1928",0.0184030909315681
"1929",0.0259054291779123
"1930",0.0181405490274668
"1931",0.0198745389631665
"1932",0.00939105297108171
"1933",0.0082110105446153
"1934",0.019644044485633
"1935",0.0137284714385758
"1936",0.0214106813658698
"1937",0.0151630948984774
"1938",0.0181620567604009
"1939",0.0176127447198999
"1940",0.0189949603019694
"1941",0.018931169753928
"1942",0.0213941567504522
"1943",0.0115927667833621
"1944",0.0147935395201366
"1945",0.0177594655538192
"1946",0.0169383892769288
"1947",0.0222479326771138
"1948",0.0194314970836468
"1949",-0.00392041955971003
"1950",0.00472102984484518
"1951",0.0154948464915443
"1952",0.0268279011123548
"1953",0.00995130968579161
"1954",0.0103248339516859
"1955",0.0237026356766395
"1956",0.0181763585406298
"1957",0.0113525803705835
"1958",0.0140448436059515
"1959",0.0184027497760414
"1960",0.00540661124974019
"1961",0.0204556082296833
"1962",0.00839267824604491
"1963",0.0105137176022768
"1964",0.0164220897047902
"1965",0.00844025411585267
"1966",0.0069141151854137
"1967",0.0122799426289779
"1968",0.0234254827058811
"1969",0.0112717854706277
"1970",0.0128252271521941
"1971",0.0228945834185956
"1972",0.0220022168734016
"1973",0.0189614931721931
"1974",0.0171924786038586
"1975",0.0191819789967281
"1976",0.0203206939701595
"1977",0.00955965726257398
"1978",0.0185609765841565
"1979",0.00890072301062343
"1980",0.0102667233792363
"1981",0.0116953287017232
"1982",0.0104070756084699
"1983",0.0112007558834852
"1984",0.00356142819759943
"1985",0.00541851219910938
"1986",0.0104206102797981
"1987",0.0021548555972508
"1988",0.0375804619826145
"1989",0.0183311353772715
"1990",0.0110871203387544
"1991",0.0125170375959368
"1992",0.0278273434354278
"1993",0.00827940198395378
"1994",0.0144740295243079
"1995",0.0154484157156698
"1996",0.0221351073406095
"1997",0.0267376179295797
"1998",0.0154809107657676
"1999",0.017639050540298
"2000",0.0377710300714005
"2001",0.00152266433084113
"2002",0.00597332433441148
"2003",0.00770065158101344
"2004",0.0159946414156722
"2005",0.00621618977047817
"2006",0.00666648761915372
"2007",0.00966804137144223
"2008",0.00684166420354071
"2009",0.0200470819265973
"2010",0.0103817674697945
"2011",-0.0008189504298108
"2012",0.0180391939073605
"2013",0.00600307722261348
"2014",0.00403966066841059
"2015",0.0243530232444524
"2016",0.0166537375658067
"2017",0.00393688916676244
"2018",0.0103101205187542
"2019",0.0081942605280295
"2020",0.017573259099401
"2021",0.01462969639272
"2022",0.00871759372705356
"2023",0.0167223557893303
"2024",0.00319174578454751
"2025",0.00637875011803502
"2026",0.0130188657736681
"2027",0.00716104541788477
"2028",0.0194091632566274
"2029",0.0261670075965539
"2030",0.00584963455990011
"2031",0.0251999508985756
"2032",0.0208413998816439
"2033",0.0178899062608404
"2034",-0.00419254456163504
"2035",0.00579092598689114
"2036",0.0135184629424057
"2037",0.0152508457784637
"2038",0.0103834795983719
"2039",0.0274169874203057
"2040",0.0156456061024129
"2041",0.020128172767112
"2042",0.00610083471626116
"2043",0.0187213327888654
"2044",0.00870318199709887
"2045",0.00529149788236123
"2046",0.023412275174661
"2047",0.00920979218187815
"2048",0.0173598560282154
"2049",0.0177087302098382
"2050",0.0141928539696657
"2051",0.0197184449332761
"2052",0.0103768334185351
"2053",0.00577248379023638
"2054",-0.0040518243772282
"2055",0.019732863716495
"2056",0.0148985361134115
"2057",-0.00322566844571065
"2058",0.0121210077989728
"2059",0.0270647969720897
"2060",0.0057968377012048
"2061",0.0178706389754811
"2062",0.0163615409678533
"2063",0.00971822897386275
"2064",0.000860755968395656
"2065",0.0126695534305914
"2066",0.0217257887083133
"2067",0.0136623557903964
"2068",0.00875030316489125
"2069",0.0167550390208104
"2070",0.0214745512331265
"2071",0.0262707672362437
"2072",0.00462417007076479
"2073",0.0022687221434954
"2074",0.0144374332384823
"2075",0.0201555738631625
"2076",0.00735003507624206
"2077",0.0229024703792039
"2078",0.0243442294639832
"2079",0.00334293473121954
"2080",0.00783991753647432
"2081",0.00874196517647691
"2082",0.0164131386373761
"2083",0.0182112958418818
"2084",0.010066144616502
"2085",0.0086409747454908
"2086",-0.0044442883203676
"2087",0.0082592645824782
"2088",0.0083810413306781
"2089",0.011930278553959
"2090",0.0125231157482092
"2091",0.00520450341492447
"2092",0.0125275264047272
"2093",0.0148911609399128
"2094",0.0189768008651102
"2095",0.0258925677199989
"2096",0.00809868734075774
"2097",0.0239794408188625
"2098",0.000276268071630232
"2099",0.00181915037828037
"2100",0.0159031350822549
"2101",0.0247628387615955
"2102",0.00844570020119005
"2103",0.0105026657793438
"2104",0.015375226077308
"2105",-0.00433238073447695
"2106",0.0192345272857876
"2107",0.0160460440300478
"2108",0.0122220517730345
"2109",0.00771608875391052
"2110",0.021771887985754
"2111",0.0126779701946138
"2112",0.0120481667287557
"2113",0.0168719998874556
"2114",0.012416349699912
"2115",-0.00198644201121952
"2116",0.0211457583090834
"2117",0.0137197661612668
"2118",0.0207318814053616
"2119",0.0112732341128401
"2120",0.00902435623762688
"2121",0.0135576309209611
"2122",0.0091621425330959
"2123",0.00705070944437397
"2124",0.0181856744524351
"2125",0.0138005222999215
"2126",0.00511222328740364
"2127",0.0193212188973394
"2128",0.00896450985947088
"2129",0.0165376805716179
"2130",0.027737465134552
"2131",0.00874706973162825
"2132",0.0193290511418847
"2133",0.00984140346019603
"2134",0.00663901540786757
"2135",0.01734760194594
"2136",0.0049906537119429
"2137",0.00406377795120947
"2138",0.0181636748567675
"2139",0.000903567796157878
"2140",0.0170506268835678
"2141",0.0102476238159835
"2142",0.00376501850868948
"2143",0.0176864091214923
"2144",0.0102880954995772
"2145",0.0105291920015776
"2146",0.0152223476840527
"2147",0.0158599951450716
"2148",0.0188777381381965
"2149",0.0233310211889574
"2150",0.00182172367971249
"2151",0.00479243038615301
"2152",0.0126359803517266
"2153",0.0157215914628044
"2154",0.00835514174033595
"2155",0.0174022813413463
"2156",0.00362049102973289
"2157",0.0140220726710907
"2158",0.0149355450166307
"2159",0.0109411773563275
"2160",0.0121498320716108
"2161",0.0202937453329797
"2162",0.0253527099586179
"2163",0.0268635159888479
"2164",0.0168253794219484
"2165",0.0162283094527344
"2166",0.00982498262943563
"2167",0.00629891284375091
"2168",0.0315199514016166
"2169",0.0223944703409176
"2170",0.00683978409971653
"2171",0.0130720057610499
"2172",0.0143094130517605
"2173",0.00781131056016985
"2174",0.013226983333337
"2175",0.00509891990965071
"2176",0.0234903271845916
"2177",0.0182727649596886
"2178",0.00838955580957883
"2179",0.0112895083339205
"2180",0.0096462269517546
"2181",0.0142366938309392
"2182",0.0124169657641306
"2183",0.00979914614499549
"2184",0.0214257089479342
"2185",0.0181380446421032
"2186",-0.00148022471790451
"2187",0.00910798729133611
"2188",0.0158761770703138
"2189",0.0019885891485426
"2190",0.0189866415869219
"2191",0.000802983714439373
"2192",0.021768701028363
"2193",0.00845673794444513
"2194",0.0142785377419891
"2195",0.015969967103592
"2196",0.0163250007391284
"2197",0.00855269431647898
"2198",0.000851205591305657
"2199",0.0200954419980236
"2200",0.0135438304262238
"2201",0.0111596344949005
"2202",0.0240745503814533
"2203",0.0222482762499991
"2204",0.0113085220484424
"2205",0.00688387828495705
"2206",0.0235350651904931
"2207",0.0148449953851134
"2208",0.0162816884024547
"2209",0.0104008187130722
"2210",0.00995539904330319
"2211",-0.00860019711441987
"2212",0.0239779389497335
"2213",0.00797758056625473
"2214",0.0176380208841192
"2215",0.00655817055150288
"2216",0.0105002124191182
"2217",0.0235300544603238
"2218",0.0219468051101384
"2219",0.0126442047276798
"2220",0.00925608281920903
"2221",0.0145689841082246
"2222",0.00507055507202256
"2223",0.0227709657102256
"2224",0.01871339125893
"2225",0.0170803439748062
"2226",0.00774569765170779
"2227",0.0203344932313524
"2228",0.0199486804488004
"2229",0.0159071556098548
"2230",0.0271188409638859
"2231",0.0103559177408036
"2232",0.00499389462483812
"2233",0.0106368934821613
"2234",0.0205880802862398
"2235",0.0149887220759627
"2236",0.0191261040947307
"2237",0.00849529466312331
"2238",0.0144105073072082
"2239",0.0148138104983704
"2240",0.0210315781576191
"2241",0.0114326450810962
"2242",0.0110329768293107
"2243",0.0127636231464185
"2244",0.0214299541573761
"2245",0.00794094023425307
"2246",0.00814014548738994
"2247",0.0132766891207006
"2248",0.0128093099943231
"2249",0.0133307138452477
"2250",0.0111540423473081
"2251",0.00574873813173377
"2252",0.0173926613550423
"2253",0.00663335575307055
"2254",0.0155892727102625
"2255",0.00607429180954026
"2256",0.0220205835591636
"2257",0.012917714417537
"2258",0.00982021889373374
"2259",0.00880442455518153
"2260",0.0107003454331611
"2261",0.0304432424291718
"2262",0.0188959240645396
"2263",0.0165849326621047
"2264",0.0116067780392652
"2265",0.00624552320916596
"2266",0.00679521383565528
"2267",-0.00277391480013808
"2268",0.0156976641232705
"2269",0.00724629531378224
"2270",0.0110533466779591
"2271",0.00388000187513857
"2272",0.0155409678060291
"2273",0.0227522341675307
"2274",0.0136863452657566
"2275",0.00977575644797776
"2276",0.00834596398832141
"2277",0.014443903820759
"2278",0.00818555895859898
"2279",0.0125883716980613
"2280",0.0196795935677706
"2281",0.0251556774160383
"2282",0.0151903932835125
"2283",0.00926109382381067
"2284",0.022727369286551
"2285",0.0131096677369428
"2286",0.0117541044553701
"2287",0.0118650267920068
"2288",0.00798102708554104
"2289",0.0200696869690555
"2290",0.00446639535911969
"2291",0.0178212868768421
"2292",0.0113621304793531
"2293",0.0114362968536823
"2294",0.0129139082114339
"2295",0.0112713359122897
"2296",0.013718545591865
"2297",0.0200797147979591
"2298",0.00487562434179349
"2299",0.0254900437693339
"2300",0.0252715242198974
"2301",0.0103866211438425
"2302",0.00591178845658113
"2303",0.0134943524992805
"2304",0.0143684630655436
"2305",0.0256979227467228
"2306",0.0155669251522945
"2307",0.0153634633671681
"2308",0.0146326455992854
"2309",0.0159719129248497
"2310",0.00859530575834578
"2311",0.00925635258722732
"2312",0.012552952113985
"2313",0.0180805365097021
"2314",0.019861002563113
"2315",0.0079774825231269
"2316",0.0195761555633207
"2317",0.00477722385883683
"2318",0.0177560341983247
"2319",0.0217030969711501
"2320",0.0308602489635483
"2321",0.010263927975773
"2322",0.00776363084849986
"2323",0.0139003907646836
"2324",0.0126443160053974
"2325",0.0155686718022693
"2326",0.0123616131596945
"2327",0.00656148436149975
"2328",0.0160086933167917
"2329",0.00752904390963355
"2330",0.0105467104835492
"2331",0.00574321101776926
"2332",0.0271101662769771
"2333",0.0242107135798667
"2334",0.0144995174928994
"2335",0.00845466417272386
"2336",0.0169544467128767
"2337",0.0192028470172566
"2338",0.00717166900221494
"2339",0.0162693164997432
"2340",0.0199263660791809
"2341",0.0172319221800081
"2342",0.026042068299599
"2343",0.0128157893020888
"2344",0.0138670817555119
"2345",0.0224063790526641
"2346",0.0155465019457877
"2347",0.0243265328644663
"2348",0.0121806846926926
"2349",0.0171052090878756
"2350",0.0243483709552107
"2351",0.0218136090234099
"2352",0.0172637147420432
"2353",0.0170526926815926
"2354",0.0126939973619129
"2355",0.0153549396454842
"2356",-0.0049330854885059
"2357",0.0140710002270632
"2358",0.0204470003848612
"2359",0.0087498555448733
"2360",0.0224333903911151
"2361",0.0188518479726656
"2362",0.0100721984775782
"2363",0.0193873861843482
"2364",0.01017425749914
"2365",0.0114204969354341
"2366",0.0254028241929611
"2367",0.00680453949071595
"2368",0.0216621500796671
"2369",0.0230375462360279
"2370",0.00918140318350626
"2371",0.0119397590963761
"2372",0.0236464582431479
"2373",0.00418527023313703
"2374",0.0159521789044408
"2375",0.00507934501100574
"2376",0.0142960324255635
"2377",0.0085228280139566
"2378",0.00928890172278904
"2379",0.0182346883435741
"2380",0.0203817546562433
"2381",0.00190964519688692
"2382",0.0205926805006042
"2383",0.00614997810329003
"2384",0.0190569610535171
"2385",0.0168356049413364
"2386",0.00642358513585924
"2387",0.0185840236822126
"2388",0.0119904155507887
"2389",0.0140803892834792
"2390",0.0131554428751993
"2391",0.0188687588809123
"2392",0.0125261580120962
"2393",0.0206457201397971
"2394",0.00832528443209752
"2395",0.0104917643977161
"2396",0.000406454281932927
"2397",0.0159497349139223
"2398",0.00637696453406295
"2399",0.0158159066066165
"2400",0.00191431367880034
"2401",0.0151929798685481
"2402",0.0142741165571024
"2403",0.00894629498598508
"2404",0.0145654160103873
"2405",0.015951325010008
"2406",0.00706765439928091
"2407",0.0169491284012015
"2408",0.0121280437389071
"2409",0.00872818113792332
"2410",0.018212402329745
"2411",0.0116759742729682
"2412",0.0187251345446033
"2413",0.0108934405117402
"2414",0.0174453417023178
"2415",0.0187523531419241
"2416",0.00632402633026765
"2417",0.001352908444094
"2418",0.0127016440016535
"2419",0.0163121497947511
"2420",0.00999077878642421
"2421",0.0216354151265718
"2422",0.0208810326729232
"2423",0.00389020642549227
"2424",0.0132228236690633
"2425",0.0067600061058191
"2426",0.0182397829162624
"2427",0.0120742578260784
"2428",0.0189118368551227
"2429",0.0194801949062212
"2430",0.0168753089702563
"2431",0.0264368120056864
"2432",0.0148947534300051
"2433",0.00575605796539271
"2434",0.0165701741265442
"2435",0.0157165703018833
"2436",0.00850858558153255
"2437",0.0197846011534761
"2438",0.0155398221213122
"2439",0.00620057574948075
"2440",0.0162475440436874
"2441",0.0152168145322428
"2442",0.00999872259342549
"2443",0.0302392868434143
"2444",0.0114195624349593
"2445",0.00472997114027114
"2446",0.0101050263227654
"2447",0.0128021977160353
"2448",0.0177166594466091
"2449",0.0243234201866304
"2450",0.0126030707850318
"2451",0.0163522499704211
"2452",0.00102408175027829
"2453",0.0138409933536722
"2454",0.00693938255731147
"2455",0.0227327532846196
"2456",-2.09486636427183e-05
"2457",0.027985005455886
"2458",0.0170450490813775
"2459",0.0131942953208171
"2460",0.0112765827415032
"2461",0.0194144846304976
"2462",0.0192461719053441
"2463",0.0214135506200081
"2464",0.0166038566371697
"2465",0.018615267570561
"2466",0.0113246047878957
"2467",0.0137970826305636
"2468",-0.00150471157132667
"2469",0.00273432049577744
"2470",-0.000349988953011778
"2471",0.0203763097718279
"2472",0.0143570767355059
"2473",0.00277038381673594
"2474",0.0142761814246971
"2475",0.0221036213079936
"2476",0.00802393082874011
"2477",0.00668783933246461
"2478",0.0143069911862121
"2479",0.0259089125978819
"2480",0.008586028095223
"2481",0.0128648381556392
"2482",0.0154932820371217
"2483",0.0167347880567906
"2484",0.0100110116276644
"2485",0.0149013994017285
"2486",0.00120402924084595
"2487",0.0183382208959157
"2488",0.00629861900640066
"2489",0.0154889408979343
"2490",0.014702089842783
"2491",0.0135124066793842
"2492",0.0150882809492171
"2493",0.032181682654485
"2494",0.0151262679830194
"2495",0.0105887478380543
"2496",0.00687366929514059
"2497",0.00945736738132738
"2498",0.013716969421435
"2499",0.0241388984665947
"2500",0.0284083605841267
"2501",0.00312030675170516
"2502",0.0149101853179822
"2503",0.0117765863709038
"2504",-0.000991274708584979
"2505",0.0328070840108356
"2506",0.0112618630399126
"2507",-0.00245929215113137
"2508",0.0150147783646775
"2509",0.0213517779336386
"2510",0.00882973551987338
"2511",0.0156344851683733
"2512",0.0179548832206897
"2513",0.0177979331136675
"2514",0.0146579605073048
"2515",0.00969895647933593
"2516",0.0191274832048958
"2517",0.0139841426305973
"2518",-0.00604253796311554
"2519",0.0194118539755143
"2520",0.016415914792382
"2521",0.0173291870188114
"2522",0.0121028337710649
"2523",0.0100040846370451
"2524",0.012843708147103
"2525",0.012290211740188
"2526",0.018366295908777
"2527",0.0248607711644871
"2528",0.0268226061643765
"2529",0.014357353206907
"2530",0.00851442203214247
"2531",0.0215376628072409
"2532",0.00266725527265874
"2533",0.0121104374105819
"2534",0.0165853373788693
"2535",-0.000474297714080573
"2536",0.0214572331188909
"2537",0.0106110991460321
"2538",0.0171839281905266
"2539",0.0166927472591879
"2540",0.0177293590368185
"2541",0.0175481712202803
"2542",0.00866322068296362
"2543",-0.00149200998668312
"2544",0.00871359206511596
"2545",0.0244764586134867
"2546",0.0103329687580645
"2547",0.010110893843153
"2548",0.0111019978330223
"2549",0.0196047618993001
"2550",0.0118128864757337
"2551",0.00617370051074601
"2552",0.00633827331997204
"2553",0.0220058033763964
"2554",0.0202976963773871
"2555",0.00639370773231636
"2556",0.0258021127380457
"2557",0.0139744821665424
"2558",0.0149226590897784
"2559",0.0134635439295927
"2560",0.0217731381631764
"2561",0.00655278030320305
"2562",0.0141426509918117
"2563",0.0266976127074687
"2564",0.018496519641479
"2565",0.018582033635791
"2566",0.0168398286472095
"2567",0.0131527791672188
"2568",0.0154249983034569
"2569",0.0206288871492313
"2570",0.0199566972443548
"2571",-0.00110306345949138
"2572",0.0192209837660071
"2573",0.00176187557129017
"2574",0.00246277325568622
"2575",0.00183679197741987
"2576",0.0115278410137319
"2577",0.0056129576859709
"2578",0.0112156084064503
"2579",-0.00555056657847904
"2580",0.0131078147793601
"2581",0.0125623995066993
"2582",0.0127393047608869
"2583",0.0158935065741681
"2584",0.013008459730391
"2585",0.019777297429504
"2586",0.0129141173702102
"2587",0.00540441341922894
"2588",0.0200935250066044
"2589",0.0279419558771578
"2590",0.0118143619637778
"2591",0.00237956664692661
"2592",0.00421199024847216
"2593",0.0197483148590541
"2594",0.00360697394454839
"2595",0.0152001446514723
"2596",0.0108241256987337
"2597",0.0106641291606287
"2598",0.0183125704275792
"2599",0.0260341213366838
"2600",0.019000055484404
"2601",0.0235693858046637
"2602",0.0219008211036955
"2603",0.0167910463234528
"2604",0.0106959361526781
"2605",0.0205193295554327
"2606",0.0265914428284286
"2607",0.0193828908248469
"2608",0.015077222158155
"2609",0.00520422798053962
"2610",0.0135447807034584
"2611",0.00858803814976496
"2612",0.00847679839601227
"2613",0.00697409691763004
"2614",0.00564661428382686
"2615",0.0202334321103714
"2616",0.016551129192305
"2617",0.0192034438590984
"2618",0.0100281851097613
"2619",0.0137171141358011
"2620",0.0125974851361068
"2621",0.0269501382253531
"2622",0.0113991198217988
"2623",0.00873475074808432
"2624",0.0283407516446438
"2625",0.00715245735698292
"2626",0.0299242034011296
"2627",0.0263358072240899
"2628",0.0187069046880257
"2629",0.00847335018196045
"2630",0.00166668409682968
"2631",-0.00640415190479018
"2632",0.0136890630863592
"2633",0.00940302159560851
"2634",0.0231469821894032
"2635",0.0132519241138028
"2636",0.0189710788061725
"2637",0.00660077366249106
"2638",0.014123057667241
"2639",0.0239255640764222
"2640",0.0289248926874375
"2641",0.0011939679872212
"2642",0.0182560314445914
"2643",0.01711902040514
"2644",0.00223312720904438
"2645",0.0134194830307462
"2646",0.0102158364369723
"2647",0.0176131600645799
"2648",0.00644634664297199
"2649",0.0103113399125975
"2650",0.00626220222914125
"2651",0.0181744739789103
"2652",0.00223749583311619
"2653",0.0162701869290089
"2654",0.0230386559424428
"2655",0.0146280697739932
"2656",0.0133442613100717
"2657",0.0188982476127607
"2658",0.0121087530312786
"2659",0.0256599316926041
"2660",0.0130254369168659
"2661",0.0153806931578909
"2662",0.0109725251037649
"2663",0.0158259994802179
"2664",-0.00175368480067501
"2665",0.0137599835943835
"2666",0.0104569562244624
"2667",0.0126373742059656
"2668",-0.00114863893233627
"2669",0.0148253473941031
"2670",0.0097774956967309
"2671",0.0278523508623701
"2672",0.017933550034384
"2673",0.026094799964061
"2674",0.00470602009020606
"2675",0.0147163991220764
"2676",0.0156155926163809
"2677",0.0022096940383529
"2678",0.0137572052326316
"2679",0.0100355771184489
"2680",0.0149825985236543
"2681",0.00564255916154819
"2682",0.0178023563200179
"2683",0.0221114195199149
"2684",0.0127741394992379
"2685",0.00319051631135195
"2686",0.0070307891314313
"2687",0.0125363332471881
"2688",0.00609006273882355
"2689",0.0221645347532304
"2690",0.0115919252179357
"2691",0.0172573666227571
"2692",0.002871080073898
"2693",0.00625349836040933
"2694",-0.00296952597664071
"2695",0.0163929863364128
"2696",0.0047185424633257
"2697",0.0061141312205252
"2698",0.0039669562464907
"2699",0.0199278402321936
"2700",0.0185328934541095
"2701",0.0274256831858061
"2702",0.0188882739806749
"2703",0.0139017533354454
"2704",0.023280884110538
"2705",0.0099269726108182
"2706",0.0157548412879306
"2707",0.016884503677391
"2708",0.0138636533783749
"2709",0.0206374317902671
"2710",0.0174229122747194
"2711",0.0121072189606867
"2712",0.0275386301035017
"2713",0.0112778670759381
"2714",0.0165706027849747
"2715",0.00932175619933205
"2716",0.00475303394965325
"2717",0.0221921147434338
"2718",-0.00317064575545169
"2719",0.00538095615225608
"2720",0.0209435115813271
"2721",0.0211518738134063
"2722",0.025993656771761
"2723",0.0263687591881708
"2724",0.0299859037601445
"2725",0.0173442680908429
"2726",0.0144494064617585
"2727",0.00751107217441516
"2728",0.0143574674605308
"2729",0.0185072816638105
"2730",0.00505695903089245
"2731",0.018274552182443
"2732",0.00325469925849371
"2733",0.0128550790117348
"2734",0.0162440399050993
"2735",0.0166303073139743
"2736",0.0165310971508753
"2737",0.00625925669850708
"2738",0.015052974688947
"2739",0.0186101898468963
"2740",0.0173384750639087
"2741",0.0154408700274122
"2742",0.012867599342001
"2743",0.0155988110385477
"2744",0.0117188921274454
"2745",0.016330864033542
"2746",0.0153589213846333
"2747",0.0146531350100346
"2748",0.00729379146864815
"2749",0.00212583025839111
"2750",0.0143264617664865
"2751",0.0280969218082204
"2752",0.0121286045564206
"2753",0.00659922012698828
"2754",-0.00090277537888616
"2755",0.0152061406050577
"2756",0.0118414679693486
"2757",0.029669198445991
"2758",0.024311477099704
"2759",0.0205854678006702
"2760",0.0264094553399354
"2761",0.0129585958073387
"2762",0.0185035781202261
"2763",0.0219265459974957
"2764",0.0079311719642364
"2765",0.026657258800689
"2766",0.00392141833152698
"2767",0.0169456932608958
"2768",0.0159880610879694
"2769",0.00335604013678956
"2770",0.00949299339929031
"2771",0.0149358971787978
"2772",0.0101285181128849
"2773",0.00905353894865063
"2774",0.0234891875923426
"2775",0.0170415600807804
"2776",0.0167680034589983
"2777",0.0228729859614066
"2778",0.0144310723246715
"2779",0.0146302489204698
"2780",0.0125927168550097
"2781",0.0110441505535044
"2782",0.0211253622612461
"2783",0.026867050483382
"2784",0.0138552560863675
"2785",0.00936023037946728
"2786",0.010695941290391
"2787",0.0165186376289549
"2788",0.0117487928065624
"2789",0.0189242567040535
"2790",0.0204526421558118
"2791",0.00869735018518645
"2792",0.0228614827881737
"2793",0.00733100715331583
"2794",0.00408697308504706
"2795",0.0138423103470112
"2796",0.029645214999101
"2797",0.000531964554282619
"2798",0.015610373528415
"2799",0.0188231918767077
"2800",0.0116957601507292
"2801",0.0135645187872121
"2802",0.0192137028527023
"2803",0.0121230268289951
"2804",0.0272076926565676
"2805",0.0120529365701329
"2806",0.0103299000250892
"2807",0.015676231676711
"2808",0.0113705574488385
"2809",0.0194557606273067
"2810",0.00777778087414804
"2811",0.0100692466970473
"2812",0.0135393916721906
"2813",0.0112238264822912
"2814",0.027221137713943
"2815",0.00411262429570335
"2816",0.0253179543882128
"2817",0.0139246493161626
"2818",0.0136518469817696
"2819",0.00176169940309503
"2820",0.0112304136974969
"2821",0.0156658707591885
"2822",0.0211415281306044
"2823",0.0213805930526724
"2824",0.0121565103041286
"2825",0.0121846296431351
"2826",0.00505624012927489
"2827",0.0278041408861054
"2828",0.0178181789712658
"2829",0.00877579672695399
"2830",0.00107404798761745
"2831",0.0107230061915671
"2832",0.0155189620031569
"2833",0.0107207355728388
"2834",0.0163266816072442
"2835",0.0158423765955283
"2836",0.0087865866302866
"2837",0.0062942662872599
"2838",0.0173600703908869
"2839",0.00919782019317689
"2840",0.0212143990153673
"2841",0.0181713109510755
"2842",0.0187014501920617
"2843",0.0189235821870346
"2844",0.0121412426215152
"2845",0.0134773933608825
"2846",0.0130309799768343
"2847",0.00892326293729015
"2848",0.0150205285998483
"2849",0.0135144932103539
"2850",-0.00439298822955155
"2851",0.0102089655205981
"2852",0.0125813573148982
"2853",0.0124638673581256
"2854",0.0156406006423915
"2855",0.00935565479465976
"2856",0.0164605396421338
"2857",0.0181091980185881
"2858",0.0242515382599715
"2859",0.0122923994987406
"2860",0.0137664486092078
"2861",0.0198962534517039
"2862",0.0188755988338187
"2863",-0.000673672217162745
"2864",0.0093363656896958
"2865",0.0176637342115934
"2866",0.012602790104392
"2867",0.0196374306057988
"2868",0.00199752483826759
"2869",0.00956419835327129
"2870",0.0175563521346834
"2871",0.0129959840192235
"2872",0.0242570379249418
"2873",0.00735881618302139
"2874",0.0102198229850539
"2875",0.0110259478695886
"2876",0.012956622188629
"2877",0.0109060795971863
"2878",0.0168516467297579
"2879",0.00668821540529667
"2880",0.0155356860679215
"2881",0.0166375275341354
"2882",0.00887392335132496
"2883",0.0144665695632172
"2884",0.0141788090229083
"2885",0.0134622450706695
"2886",0.0127980370193658
"2887",0.00617202091726419
"2888",0.0192450860795735
"2889",0.0103131939181276
"2890",0.00918535854626206
"2891",0.0139785846436916
"2892",0.0169929098203578
"2893",0.0106404649083735
"2894",0.00701768689533243
"2895",0.0256276559870484
"2896",0.0215641844473731
"2897",0.0178314761251008
"2898",0.00657443636382849
"2899",0.0119449556765849
"2900",0.0141600598423718
"2901",0.0151695608949041
"2902",0.0145353559117501
"2903",0.00831502379428783
"2904",0.00681184524505565
"2905",0.0154536292352874
"2906",-0.00536089740071155
"2907",0.0210757830738638
"2908",0.00697723811728507
"2909",0.0207433564306363
"2910",0.0153104048875806
"2911",0.0208451213818979
"2912",0.010416542440979
"2913",0.00291900771834235
"2914",0.0172268546160249
"2915",0.0210413208761731
"2916",0.0202190721766154
"2917",0.00539236314479295
"2918",0.0170514001115939
"2919",0.00446944387095972
"2920",0.0160766462054916
"2921",0.0100256522440112
"2922",0.0226317322031242
"2923",0.0204821832741828
"2924",0.00555579144357141
"2925",0.012669373715259
"2926",-0.00405467047743586
"2927",0.0070821335355209
"2928",0.0196845909826919
"2929",0.0237281322938618
"2930",0.0203300278638583
"2931",0.00803175040698127
"2932",0.00892148225634475
"2933",0.0118285701670089
"2934",0.00992477315364656
"2935",0.00629839516975808
"2936",0.0135199526256558
"2937",0.0130449755514065
"2938",0.00782097882953301
"2939",0.00955616824989469
"2940",0.014629939774221
"2941",0.0132876480129696
"2942",0.0185538381422078
"2943",0.0194206576341791
"2944",-0.00324546910090094
"2945",0.0179452106362696
"2946",0.0213737537103782
"2947",0.00905617490555825
"2948",0.0124967589395567
"2949",0.0110535205525529
"2950",-0.000903179751232629
"2951",0.0193246393442516
"2952",0.00960010665255976
"2953",0.00214339970499235
"2954",0.00304938841592145
"2955",0.0105611776022715
"2956",0.00429467810148095
"2957",0.0192021722303744
"2958",0.00798066606043802
"2959",0.0045100587182468
"2960",0.00533070117857202
"2961",0.0166870984693781
"2962",0.00128513240389939
"2963",0.0204210250985039
"2964",0.0290134530352035
"2965",0.00984295298178751
"2966",0.00991537435314607
"2967",0.0109669040737663
"2968",0.00628022047957984
"2969",0.00696959478264072
"2970",-0.0026564388330491
"2971",0.0196552326367812
"2972",0.00671023957766436
"2973",0.023800747868171
"2974",0.0271590070743411
"2975",0.0323784725504761
"2976",0.0129174744691348
"2977",0.0159989129218747
"2978",0.0101016384478414
"2979",0.0144646193877017
"2980",0.0199642279577587
"2981",0.0116659639887935
"2982",0.0140447357161253
"2983",0.0121093628650984
"2984",0.00912921310052015
"2985",0.0118410798947398
"2986",0.0233463857852058
"2987",0.0094685547670142
"2988",0.0137815174822437
"2989",0.00422845375351594
"2990",0.0192427008779621
"2991",0.018053039697198
"2992",0.0246300706261636
"2993",0.0140682361132427
"2994",0.0156701921052093
"2995",0.0160626885476116
"2996",0.00393289957948354
"2997",0.0260767112331204
"2998",0.00984261602568192
"2999",0.0286724178062762
"3000",0.0151597089902149
