,0,1,2
0,1.0,5.4935105e-15,-0.67784816
1,1.0,3.0830602e-16,-1.9191785
2,1.0,1.5056052e-15,0.8824946
3,1.0,1.5146437e-15,-0.19643453
4,1.0,1.2818084e-15,-2.146541
5,1.0,1.5815909e-15,1.9321576
6,1.0,4.3149642e-16,1.1470493
7,1.0,2.7099975e-16,1.3241549
8,1.0,8.332809e-16,0.07821484
9,1.0,2.4406615e-15,-1.1425245
10,1.0,1.3361229e-15,-2.0277424
11,1.0,3.8066354e-16,1.2384826
12,1.0,4.2497525e-16,1.2918991
13,1.0,1.1497204e-15,-0.41681135
14,1.0,2.7225886e-15,-0.33450884
15,1.0,1.3988414e-14,1.7415125
16,1.0,1.4120502e-16,-0.124928
17,1.0,6.6076333e-15,0.3980982
18,1.0,2.8184677e-16,-1.0996064
19,1.0,1.570948e-15,-0.6442157
20,1.0,4.5164085e-15,1.3844258
21,1.0,2.4021812e-15,-0.06423041
22,1.0,4.9358795e-15,1.0087894
23,1.0,1.1638771e-14,0.69870824
24,1.0,7.830701e-15,1.6126841
25,1.0,1.1762356e-15,-0.94470197
26,1.0,7.4440516e-16,-0.45887432
27,1.0,4.699691e-15,-0.44353533
28,1.0,1.2628316e-15,-0.57127845
29,1.0,1.5242538e-15,-0.110673
30,1.0,7.9428244e-16,0.44320196
31,1.0,1.8053656e-15,1.0930123
32,1.0,1.6414167e-15,0.10225303
33,1.0,9.393378e-16,0.5141524
34,1.0,5.693244e-16,-0.94673145
35,1.0,2.7536323e-14,0.49282685
36,1.0,1.349137e-15,-1.2548763
37,1.0,3.0265093e-16,1.2160321
38,1.0,1.3418078e-15,1.0023823
39,1.0,9.435756e-16,0.37480196
40,1.0,5.788729e-15,-0.2157392
41,1.0,2.2067379e-15,-0.94337523
42,1.0,2.0464028e-15,0.68643206
43,1.0,2.4127793e-15,-0.5937731
44,1.0,2.4460488e-15,0.73226523
45,1.0,2.4067202e-16,-1.1257652
46,1.0,1.7736102e-15,-0.5372241
47,1.0,4.0930318e-16,-0.32977507
48,1.0,7.1110803e-16,0.7737555
49,1.0,3.2814389e-15,0.06662245
50,1.0,1.12298e-15,1.4165946
51,1.0,8.7682924e-16,-0.3277475
52,1.0,5.002926e-16,-0.6513766
53,1.0,2.8854281e-15,-3.9181485
54,1.0,2.0238967e-15,2.5327091
55,1.0,2.3890672e-15,-0.18954822
56,1.0,2.764586e-16,0.5719484
57,1.0,8.0945714e-16,0.46189967
58,1.0,2.0128173e-15,-0.20569143
59,1.0,5.9935003e-16,-0.8023382
60,1.0,5.0478807e-16,-0.89014626
61,1.0,4.0610558e-16,-0.086936414
62,1.0,5.304744e-16,-0.2606032
63,1.0,1.7690154e-15,-1.4052365
64,1.0,4.828477e-16,0.57660794
65,1.0,3.9596035e-16,0.0129682
66,1.0,1.3413983e-15,1.8966779
67,1.0,6.2929373e-15,-0.15751855
68,1.0,4.8225127e-16,0.61702436
69,1.0,4.1055105e-16,-1.0281965
70,1.0,1.3742463e-15,0.2535878
71,1.0,6.0888396e-15,2.129734
72,1.0,9.7406705e-15,0.16501613
73,1.0,3.3221575e-16,-0.56659526
74,1.0,5.653358e-16,0.4728911
75,1.0,4.9863906e-15,-0.44722995
76,1.0,1.1015958e-15,-0.55609155
77,1.0,3.688886e-15,0.33100882
78,1.0,5.302478e-16,-1.0040207
79,1.0,8.8317383e-16,1.7426134
80,1.0,1.0123354e-16,1.4251232
81,1.0,3.038194e-15,0.40448526
82,1.0,5.7859694e-15,-0.79412615
83,1.0,3.7277166e-15,-0.32916397
84,1.0,1.7952016e-15,-0.58191043
85,1.0,3.6042167e-15,0.58370584
86,1.0,1.2487573e-15,-0.32257596
87,1.0,9.347196e-16,-2.48073
88,1.0,4.130015e-16,-0.610992
89,1.0,8.953997e-16,1.5834991
90,1.0,1.4200354e-14,0.45239213
91,1.0,6.292553e-15,-1.7918677
92,1.0,1.2111869e-15,-0.30774024
93,1.0,2.9104116e-15,0.5929396
94,1.0,9.53363e-15,-0.6788967
95,1.0,3.2142756e-16,-0.5188235
96,1.0,2.1566058e-15,-1.8119012
97,1.0,1.4337123e-16,0.34471574
98,1.0,2.8230206e-15,0.09868401
99,1.0,5.1725206e-15,-2.6221094
100,1.0,8.42229e-16,-0.06589067
101,1.0,4.9846957e-16,0.36297572
102,1.0,6.372435e-16,-0.82167125
103,1.0,2.6511213e-16,1.0102069
104,1.0,1.023976e-15,0.1845682
105,1.0,7.4273164e-16,-1.3175695
106,1.0,2.442459e-15,-0.4602182
107,1.0,3.498541e-15,1.4125111
108,1.0,3.0395256e-16,-1.0277677
109,1.0,8.931175e-16,0.5259541
110,1.0,2.4395074e-15,-1.6252295
111,1.0,1.0041442e-14,0.45803022
112,1.0,1.2297348e-15,-0.014675146
113,1.0,3.1868192e-15,-0.7586934
114,1.0,9.7682705e-17,-0.104363926
115,1.0,1.3760193e-15,-0.3165393
116,1.0,2.0661866e-14,0.40670002
117,1.0,2.294965e-14,-1.7268742
118,1.0,2.4350075e-15,0.46577644
119,1.0,1.6508421e-15,-0.38421583
120,1.0,5.410302e-15,0.73321843
121,1.0,5.2236793e-15,1.0884051
122,1.0,1.695984e-15,0.35601944
123,1.0,3.8290218e-15,-0.104081206
124,1.0,1.1165896e-15,-0.7030601
125,1.0,1.0708767e-15,0.32229516
126,1.0,1.1560136e-15,0.86969686
127,1.0,1.7281681e-15,-0.3924413
128,1.0,4.545721e-16,-0.02499592
129,1.0,7.308597e-16,-0.864097
130,1.0,9.442669e-16,0.040949672
131,1.0,9.550916e-16,0.450536
132,1.0,8.270175e-15,-0.2532533
133,1.0,6.568951e-16,1.5993475
134,1.0,2.115094e-16,2.0389037
135,1.0,5.5939165e-15,-1.0999517
136,1.0,3.556956e-16,1.6270694
137,1.0,1.2983634e-15,-0.5062986
138,1.0,1.6148727e-14,1.1864611
139,1.0,8.755996e-15,0.12713341
140,1.0,6.607378e-16,-0.3853905
141,1.0,1.2307672e-15,0.5912687
142,1.0,2.9201757e-15,0.5877148
143,1.0,1.0610202e-15,0.12870786
144,1.0,5.2169886e-15,-1.3146044
145,1.0,9.447745e-17,0.10314924
146,1.0,1.9451229e-15,2.0314925
147,1.0,3.281389e-15,0.15877438
148,1.0,7.467804e-15,-1.763202
149,1.0,3.1107513e-16,0.027700488
150,1.0,1.0243355e-15,0.6817909
151,1.0,1.0975648e-15,0.8218516
152,1.0,1.1455613e-15,0.2617703
153,1.0,1.311485e-15,-0.6268214
154,1.0,9.604038e-16,-0.5330161
155,1.0,5.4964005e-16,0.9459687
156,1.0,2.4627038e-16,-0.6001524
157,1.0,4.2605164e-15,1.7266258
158,1.0,2.0634828e-16,-1.404492
159,1.0,6.437475e-16,-0.9482377
160,1.0,1.9346158e-14,1.3374859
161,1.0,6.8671534e-16,-0.85632396
162,1.0,2.317976e-15,-0.16705589
163,1.0,1.5063234e-15,-0.44924396
164,1.0,2.98768e-16,-0.3711665
165,1.0,2.5139902e-15,-0.8054139
166,1.0,3.2820773e-15,-0.20700797
167,1.0,1.3589867e-16,0.30198053
168,1.0,1.5482928e-15,1.2145004
169,1.0,7.4949986e-16,0.8875773
170,1.0,2.4461877e-16,1.4143263
171,1.0,2.660149e-15,0.58215153
172,1.0,1.437173e-16,2.0967512
173,1.0,2.0613989e-15,0.8188145
174,1.0,1.3769435e-15,1.5729436
175,1.0,1.4878154e-14,0.2823762
176,1.0,1.05045706e-14,-0.8158654
177,1.0,1.5289767e-15,-0.653502
178,1.0,5.220868e-16,0.9226686
179,1.0,7.540255e-15,-0.07958397
180,1.0,1.4524404e-15,-0.3475848
181,1.0,2.2929468e-15,-0.7664387
182,1.0,5.89201e-16,-1.3442317
183,1.0,6.115653e-16,0.606785
184,1.0,1.8004412e-15,-1.4350746
185,1.0,5.6614755e-15,-3.800833
186,1.0,1.0618137e-15,0.17530403
187,1.0,1.8227416e-15,-1.1562258
188,1.0,2.6890723e-16,1.04332
189,1.0,1.6322505e-15,-0.5166764
190,1.0,2.3750283e-15,-2.0818114
191,1.0,1.5350488e-15,0.5489076
192,1.0,1.6670426e-15,1.1931138
193,1.0,3.3207529e-15,-0.0036255114
194,1.0,8.6908026e-16,0.8067967
195,1.0,9.4202956e-15,-1.3406726
196,1.0,6.2853773e-16,0.27125716
197,1.0,2.66032e-16,-0.2908899
198,1.0,2.7908446e-15,0.06834313
199,1.0,1.2752049e-15,-0.72398984
200,1.0,7.471936e-15,-0.26311287
201,1.0,5.5490086e-15,0.16440135
202,1.0,6.1624933e-15,-0.8420094
203,1.0,3.5687412e-15,-1.5582116
204,1.0,3.184899e-15,0.43827718
205,1.0,1.2667299e-15,0.43070966
206,1.0,1.3476865e-15,0.7253168
207,1.0,1.9217723e-15,-0.5130794
208,1.0,2.3190021e-15,-1.0372651
209,1.0,1.4165821e-16,1.3900782
210,1.0,3.8292538e-16,-0.4581728
211,1.0,3.1116905e-15,-0.3992862
212,1.0,7.828547e-16,1.9337685
213,1.0,4.0317588e-16,0.44042063
214,1.0,6.7673454e-16,0.086233534
215,1.0,5.307459e-15,-0.5298628
216,1.0,1.0953772e-15,-0.9047821
217,1.0,2.0275364e-15,-1.4285866
218,1.0,4.672927e-16,-1.1573788
219,1.0,7.299267e-15,0.00075186824
220,1.0,8.444041e-15,-0.21673584
221,1.0,1.0445067e-15,0.1535676
222,1.0,2.0027599e-16,0.045592844
223,1.0,6.804206e-16,-0.7106468
224,1.0,3.323463e-16,-0.08118361
225,1.0,1.1192043e-14,-0.82805663
226,1.0,1.5799507e-15,2.0140781
227,1.0,5.259809e-16,0.1248814
228,1.0,8.500855e-16,0.7964597
229,1.0,1.5210873e-16,0.20837055
230,1.0,1.473935e-15,-0.18967833
231,1.0,2.7701086e-15,-1.162842
232,1.0,1.1855113e-14,0.08237139
233,1.0,2.2795944e-15,0.043141823
234,1.0,3.9328833e-16,0.36611268
235,1.0,3.9512766e-15,1.9774598
236,1.0,5.180222e-15,-0.5075628
237,1.0,2.7759055e-15,-1.1523223
238,1.0,1.4331608e-15,-0.7728628
239,1.0,1.3983018e-15,0.8532601
240,1.0,1.929824e-15,-1.5494598
241,1.0,1.0799222e-15,-0.472521
242,1.0,2.2101656e-16,0.70217615
243,1.0,2.5347323e-15,1.5388982
244,1.0,3.1967424e-15,1.081869
245,1.0,2.1503297e-15,1.291958
246,1.0,8.500178e-15,-0.97223705
247,1.0,9.520868e-16,0.97939277
248,1.0,3.2033096e-15,-0.6518592
249,1.0,1.3362343e-16,-0.8388574
250,1.0,2.270681e-15,0.037050005
251,1.0,5.0204003e-16,0.50064903
252,1.0,9.687379e-16,-1.2439446
253,1.0,2.1981346e-15,0.46592265
254,1.0,1.5293326e-15,-0.42824596
255,1.0,5.159258e-15,-0.2557261
256,1.0,4.787467e-16,-0.25920534
257,1.0,1.1839701e-14,0.106134035
258,1.0,6.60844e-15,0.46064276
259,1.0,1.5057488e-15,0.7431593
260,1.0,1.1527154e-15,-0.06319727
261,1.0,4.4003377e-16,2.7588418
262,1.0,1.1087718e-14,0.825918
263,1.0,1.949885e-15,0.3107641
264,1.0,4.948096e-15,-0.78171515
265,1.0,1.4241413e-15,-1.6003852
266,1.0,4.488124e-14,-1.6873945
267,1.0,1.4358367e-15,-0.40383708
268,1.0,3.4162835e-16,-0.17848778
269,1.0,8.981981e-16,-0.12470452
270,1.0,2.0277376e-15,0.19122998
271,1.0,1.5369824e-15,0.49259266
272,1.0,5.3939808e-15,0.6823862
273,1.0,1.6950138e-15,0.755128
274,1.0,7.5760607e-16,-0.695536
275,1.0,2.5846958e-15,-0.3482527
276,1.0,2.5372379e-15,-1.5746799
277,1.0,6.516688e-16,1.1900951
278,1.0,2.8074796e-16,0.4171735
279,1.0,2.014999e-15,0.46972075
280,1.0,1.9335672e-15,0.94015825
281,1.0,1.3536995e-15,-0.49316332
282,1.0,4.6901787e-16,0.8310551
283,1.0,3.4162313e-16,0.73021615
284,1.0,6.3413986e-15,-0.36515018
285,1.0,3.7687365e-16,-0.49672574
286,1.0,1.4514047e-15,0.40543574
287,1.0,2.7340773e-16,0.24238649
288,1.0,1.7422672e-15,0.8064193
289,1.0,2.0761159e-16,-2.1489239
290,1.0,2.2647812e-15,-1.5604931
291,1.0,1.3288744e-15,-0.28280768
292,1.0,1.0863969e-15,0.41125837
293,1.0,3.327702e-15,0.0034718737
294,1.0,1.7558573e-16,-0.9205884
295,1.0,5.174038e-16,-0.9536175
296,1.0,8.061414e-16,-1.571954
297,1.0,1.0393799e-14,-0.056070607
298,1.0,1.570984e-15,1.1043499
299,1.0,9.006483e-15,0.65020066
300,1.0,3.9264525e-16,-0.2933613
301,1.0,2.2932692e-16,1.1353958
302,1.0,1.3260387e-15,-0.16507146
303,1.0,2.2066032e-15,-0.7700257
304,1.0,2.5617447e-16,0.5261553
305,1.0,1.7663653e-15,0.64769024
306,1.0,1.2076483e-15,-0.96661496
307,1.0,6.8481613e-16,-1.0292137
308,1.0,3.911085e-16,0.49852455
309,1.0,7.162917e-16,0.9913301
310,1.0,5.8553535e-16,1.8837377
311,1.0,1.1565203e-16,-1.265506
312,1.0,1.355254e-16,0.6685538
313,1.0,6.0177615e-16,0.5129499
314,1.0,8.699858e-16,-0.8263316
315,1.0,1.4258535e-15,1.5207713
316,1.0,1.3795723e-15,0.09992918
317,1.0,2.2980705e-14,0.24217874
318,1.0,1.7615003e-15,1.2208134
319,1.0,8.725583e-16,1.6606147
320,1.0,9.880933e-16,-0.33549732
321,1.0,6.063109e-16,-0.40346515
322,1.0,2.703731e-15,1.099142
323,1.0,2.4901098e-15,-0.02830202
324,1.0,8.004785e-16,0.19313018
325,1.0,7.195727e-16,0.6466151
326,1.0,1.8833369e-15,1.5389407
327,1.0,1.929765e-15,1.5988715
328,1.0,3.546241e-15,-0.2532954
329,1.0,1.1883405e-15,0.13079715
330,1.0,1.2426409e-16,-0.008764095
331,1.0,7.0207305e-16,0.27128482
332,1.0,2.7850697e-15,0.41670835
333,1.0,9.191125e-16,1.5809548
334,1.0,1.4385396e-15,0.30577847
335,1.0,2.2781252e-15,-0.21295679
336,1.0,3.433819e-15,0.0010026373
337,1.0,2.2879153e-14,-0.02888909
338,1.0,1.6738354e-15,0.21700111
339,1.0,6.615019e-16,0.8897368
340,1.0,1.6583658e-15,-0.45702347
341,1.0,2.4320913e-16,-0.69707733
342,1.0,4.036485e-15,0.4941074
343,1.0,4.633026e-16,-1.0871769
344,1.0,2.010822e-15,0.07767981
345,1.0,3.236706e-16,0.18504262
346,1.0,1.5451538e-15,-2.1116645
347,1.0,1.4908591e-16,-0.6902555
348,1.0,4.8438837e-15,0.31933543
349,1.0,3.1772507e-17,0.03237674
350,1.0,4.3509664e-15,0.020859025
351,1.0,8.529179e-16,-1.3829983
352,1.0,3.1477097e-15,-1.5123861
353,1.0,1.365884e-15,0.7545219
354,1.0,3.507066e-15,0.57726437
355,1.0,1.065571e-15,-0.9000112
356,1.0,1.7224224e-15,0.3169973
357,1.0,4.695907e-16,0.15782747
358,1.0,1.2305795e-15,1.2151355
359,1.0,4.861671e-16,-1.2793297
360,1.0,4.474478e-16,1.187104
361,1.0,3.987329e-15,-1.2003075
362,1.0,1.8389378e-15,-0.61939394
363,1.0,1.0822275e-15,0.27310956
364,1.0,3.754389e-15,-0.35612357
365,1.0,1.8179294e-15,1.6947054
366,1.0,1.7390401e-15,-0.2742559
367,1.0,8.723719e-16,-1.4463445
368,1.0,2.5101186e-15,-1.2145926
369,1.0,9.234422e-16,1.3303436
370,1.0,1.1353075e-15,1.0648872
371,1.0,4.864825e-16,0.2380303
372,1.0,9.4063896e-17,-0.945933
373,1.0,1.08878725e-14,1.4778796
374,1.0,4.4205294e-15,0.19994645
375,1.0,2.343995e-14,0.37097338
376,1.0,4.240425e-16,1.1166127
377,1.0,2.1645675e-15,2.1636837
378,1.0,2.723013e-16,1.1933997
379,1.0,2.466568e-16,0.9583695
380,1.0,1.0782552e-15,-1.9615397
381,1.0,3.6072685e-16,-0.44472346
382,1.0,5.648551e-16,-1.1191263
383,1.0,1.5956555e-16,0.37362546
384,1.0,1.5283476e-14,0.077128984
385,1.0,6.3941094e-15,-0.6820175
386,1.0,3.5926174e-15,-0.4620877
387,1.0,3.9023816e-16,0.19534177
388,1.0,2.3858057e-16,0.1410179
389,1.0,5.627259e-16,-0.012444315
390,1.0,1.2286658e-15,-0.38907364
391,1.0,6.577828e-16,0.6566947
392,1.0,6.5675547e-14,-0.99810016
393,1.0,2.8676298e-15,0.2722999
394,1.0,1.1774079e-14,-1.8056291
395,1.0,1.6233336e-15,-2.0985749
396,1.0,6.8176126e-16,-2.324805
397,1.0,3.0223676e-16,-0.3512773
398,1.0,3.0907982e-15,0.23319015
399,1.0,1.9864098e-15,-1.9373136
400,1.0,7.2000103e-16,-0.79220396
401,1.0,8.313441e-16,-0.2732181
402,1.0,9.706318e-16,-0.6207157
403,1.0,5.910112e-15,-1.5491564
404,1.0,3.6711821e-16,-0.3267914
405,1.0,5.846604e-16,-1.1566879
406,1.0,4.6240414e-15,-2.1903188
407,1.0,7.591046e-16,-0.7728097
408,1.0,7.6279695e-16,0.979823
409,1.0,1.6272334e-15,0.02346227
410,1.0,1.03984286e-16,0.60782975
411,1.0,4.5754026e-15,0.34532034
412,1.0,9.6052424e-17,0.95538574
413,1.0,1.6470052e-15,-0.19890007
414,1.0,1.6237361e-15,0.323657
415,1.0,5.061419e-15,0.7341377
416,1.0,1.0672634e-15,-0.326701
417,1.0,7.1412003e-16,-1.840464
418,1.0,9.909659e-16,-1.7120954
419,1.0,2.6999794e-15,-1.9481763
420,1.0,5.157979e-15,1.0184362
421,1.0,2.5658047e-15,-0.18067534
422,1.0,1.1305967e-15,-0.6649626
423,1.0,7.7793115e-15,-1.1079196
424,1.0,1.5757065e-16,0.4926408
425,1.0,2.3640266e-16,-0.16525877
426,1.0,8.465194e-16,-1.0454458
427,1.0,1.9950736e-16,-1.0224197
428,1.0,3.2189276e-15,0.29089534
429,1.0,3.017863e-16,-1.1636417
430,1.0,6.1351406e-16,1.5412165
431,1.0,6.619087e-15,0.5017503
432,1.0,1.7406197e-15,-1.6429812
433,1.0,1.4266044e-15,0.09111075
434,1.0,1.1016671e-15,0.44024673
435,1.0,3.0037603e-15,-0.72465056
436,1.0,1.4484512e-15,-0.30461678
437,1.0,1.4999929e-15,0.3901612
438,1.0,2.061918e-15,1.3287627
439,1.0,1.321746e-15,-1.7594806
440,1.0,1.667666e-15,-1.5864145
441,1.0,3.3974538e-15,1.3980258
442,1.0,1.0935485e-15,-0.2733324
443,1.0,6.7132695e-17,1.4722244
444,1.0,5.041934e-16,1.21237
445,1.0,5.0332863e-16,-0.8983162
446,1.0,8.33329e-15,0.4870527
447,1.0,2.8491152e-15,-0.7039563
448,1.0,2.0428997e-16,1.0527239
449,1.0,1.1943029e-15,-1.5369442
450,1.0,6.930895e-16,2.1159215
451,1.0,4.9534e-16,-0.6036098
452,1.0,6.0554354e-16,0.6809397
453,1.0,5.1263366e-16,1.0091933
454,1.0,8.935435e-16,1.5097628
455,1.0,1.1197424e-14,-3.601656
456,1.0,1.0010686e-15,-0.11213433
457,1.0,1.1561371e-15,-0.09947684
458,1.0,1.1422145e-15,-1.7927662
459,1.0,8.974827e-15,0.5944997
460,1.0,2.7361968e-15,1.604081
461,1.0,1.0920978e-15,-1.2952638
462,1.0,7.949346e-15,0.8564778
463,1.0,5.3496365e-15,-0.7954264
464,1.0,6.279721e-16,-1.2887504
465,1.0,1.3942218e-15,0.5222479
466,1.0,2.6994851e-15,-1.0711155
467,1.0,1.1302005e-14,-1.5749329
468,1.0,9.690151e-16,-1.0763512
469,1.0,2.1886368e-16,2.7610877
470,1.0,4.891659e-16,-1.0671198
471,1.0,3.2346695e-16,0.021156915
472,1.0,1.5890172e-15,0.24802107
473,1.0,7.4595725e-16,1.2781752
474,1.0,1.3032264e-15,-0.70675755
475,1.0,1.6442681e-15,0.21035469
476,1.0,2.8073615e-16,-0.8115913
477,1.0,1.8915883e-15,-0.6807907
478,1.0,3.9175205e-16,2.127247
479,1.0,6.270027e-16,0.29521868
480,1.0,1.2178398e-15,-0.91274476
481,1.0,1.15227194e-14,-2.9577982
482,1.0,7.931228e-16,1.0894276
483,1.0,7.00313e-16,-0.06617163
484,1.0,4.1090516e-16,0.07802998
485,1.0,9.482195e-16,1.2630265
486,1.0,2.0107912e-15,-0.56958306
487,1.0,1.8239033e-15,-1.1248714
488,1.0,7.2729695e-16,-1.5993274
489,1.0,3.2318823e-16,0.11314643
490,1.0,3.086533e-15,-0.53257334
491,1.0,1.03925555e-13,-0.5065272
492,1.0,7.790567e-15,-0.53767025
493,1.0,1.0299576e-16,1.6338981
494,1.0,7.63732e-15,-0.037154816
495,1.0,1.432494e-15,0.075134665
496,1.0,2.5524583e-16,0.14782193
497,1.0,3.2091927e-15,0.83867157
498,1.0,1.8001605e-14,1.6177502
499,1.0,6.3324993e-16,-0.22621725
500,1.0,7.856429e-16,-0.1948968
501,1.0,6.6100503e-16,1.2108197
502,1.0,1.6394133e-16,-0.8398411
503,1.0,3.1714036e-16,-0.57116926
504,1.0,1.7850055e-16,-0.741115
505,1.0,1.1899917e-15,-1.0702893
506,1.0,1.3447433e-16,-0.60432327
507,1.0,4.8727e-16,-2.1804702
508,1.0,2.4978553e-14,-1.0075375
509,1.0,3.6350337e-16,0.6571702
510,1.0,2.7601815e-16,0.87576985
511,1.0,1.5046464e-15,-1.6413804
512,1.0,2.8465732e-15,0.17353441
513,1.0,1.1336414e-15,0.3001953
514,1.0,6.5232294e-16,-0.007034168
515,1.0,5.2991847e-15,-0.95057845
516,1.0,2.5293812e-15,-1.2470738
517,1.0,1.1750516e-15,0.5929893
518,1.0,5.70749e-15,-0.921227
519,1.0,1.3756258e-15,0.2645944
520,1.0,2.8590337e-15,-0.86247677
521,1.0,1.079041e-15,-0.9603848
522,1.0,1.5509587e-15,0.5068972
523,1.0,6.407585e-16,0.05120307
524,1.0,4.6935997e-15,1.3780364
525,1.0,1.9191276e-15,-2.2830324
526,1.0,2.4262545e-15,-0.06405819
527,1.0,3.913428e-16,-0.16196156
528,1.0,4.728317e-16,1.2870892
529,1.0,2.1507727e-15,0.10465246
530,1.0,3.093557e-16,0.935447
531,1.0,2.5142204e-15,-0.32464057
532,1.0,4.864289e-15,1.4721663
533,1.0,1.1848822e-15,0.06962249
534,1.0,8.069537e-16,-0.15983094
535,1.0,2.3499205e-15,-1.2864969
536,1.0,2.404785e-15,0.80581903
537,1.0,1.6412226e-15,-1.1198449
538,1.0,1.3266958e-16,0.956911
539,1.0,2.147003e-14,-0.9551371
540,1.0,2.6711004e-15,-0.06698998
541,1.0,1.0215804e-15,0.27588153
542,1.0,1.7864982e-15,-0.06386932
543,1.0,8.1210464e-16,-1.7571168
544,1.0,1.5531604e-16,-1.9652004
545,1.0,6.3845794e-15,-0.98161674
546,1.0,2.8316258e-16,1.084947
547,1.0,8.642472e-15,-0.67612123
548,1.0,9.620319e-16,0.53578943
549,1.0,4.7535277e-16,-2.4967844
550,1.0,1.1724457e-15,-1.3472346
551,1.0,1.187697e-15,-0.27578047
552,1.0,3.866185e-15,-1.4548861
553,1.0,9.38912e-15,-1.2164975
554,1.0,5.6432554e-15,0.95840967
555,1.0,1.0543392e-14,0.60174096
556,1.0,2.9849132e-15,-0.2933193
557,1.0,2.7954994e-16,0.42758203
558,1.0,2.9692737e-16,0.6130331
559,1.0,6.8661846e-16,-1.316199
560,1.0,6.749144e-16,-0.53529567
561,1.0,4.01923e-15,-0.093106516
562,1.0,7.229845e-16,0.4852822
563,1.0,6.1812044e-17,0.4031086
564,1.0,4.698311e-15,1.0821394
565,1.0,6.3373083e-16,-0.39962363
566,1.0,3.3891177e-15,-1.8215313
567,1.0,6.1469943e-16,-0.72764313
568,1.0,1.0586671e-15,-0.34340554
569,1.0,4.2569098e-15,0.4265572
570,1.0,3.4659167e-15,-1.7306432
571,1.0,3.3052837e-15,0.23895663
572,1.0,7.447776e-15,-0.39855182
573,1.0,2.2143851e-16,0.5586111
574,1.0,3.2208544e-16,0.47712523
575,1.0,1.2101893e-15,-0.3874947
576,1.0,7.4778064e-16,0.523729
577,1.0,4.1783657e-15,1.6503346
578,1.0,5.988544e-15,0.09409697
579,1.0,2.5837004e-15,-0.6911252
580,1.0,1.0242572e-15,-0.06097407
581,1.0,2.6950492e-16,0.5910752
582,1.0,9.806208e-16,-0.27414298
583,1.0,2.411876e-16,1.1118087
584,1.0,5.347696e-16,-0.1653324
585,1.0,1.616382e-15,-0.9089516
586,1.0,1.7302327e-15,0.44461942
587,1.0,1.0647097e-15,-0.04067094
588,1.0,1.4522466e-15,0.51634246
589,1.0,4.8094895e-15,-1.4380469
590,1.0,6.7521087e-15,-0.52278906
591,1.0,5.957053e-16,-0.20650785
592,1.0,1.6297556e-15,0.17588213
593,1.0,1.2288767e-15,0.8041099
594,1.0,1.985833e-16,1.5262651
595,1.0,2.2796627e-16,0.43161923
596,1.0,3.0681834e-16,0.022014124
597,1.0,6.321135e-15,0.27280068
598,1.0,3.4469678e-16,1.0038215
599,1.0,2.313443e-16,-0.35348395
600,1.0,1.4030625e-15,0.2695925
601,1.0,4.2968957e-16,0.15814123
602,1.0,2.2889268e-15,0.31691962
603,1.0,4.5737276e-15,1.671002
604,1.0,5.1180515e-16,2.6946738
605,1.0,1.3514653e-15,-0.43068027
606,1.0,2.3898865e-16,-1.0905622
607,1.0,1.5463448e-15,-1.2506822
608,1.0,1.5237298e-16,-0.90086365
609,1.0,5.2112776e-16,-0.045503136
610,1.0,1.132833e-15,1.0979798
611,1.0,6.117613e-16,1.1107891
612,1.0,6.3381543e-16,1.9481518
613,1.0,1.2783123e-15,-0.57680744
614,1.0,3.0992518e-15,0.054087117
615,1.0,5.3402346e-16,-0.8060578
616,1.0,1.6641063e-16,0.6133406
617,1.0,3.9577008e-16,1.0628974
618,1.0,7.3408693e-16,1.1770614
619,1.0,1.1440199e-15,-0.8763944
620,1.0,4.1902415e-15,-0.68716097
621,1.0,1.3681205e-16,1.789392
622,1.0,1.1608392e-15,-0.18457259
623,1.0,1.4087044e-15,-0.45493597
624,1.0,7.944612e-16,0.9567315
625,1.0,3.692589e-15,-1.0264155
626,1.0,2.3298908e-15,-0.5547883
627,1.0,1.883143e-15,-0.91942495
628,1.0,4.423988e-15,-0.9876378
629,1.0,1.7183995e-15,0.5876119
630,1.0,5.753132e-15,0.47906572
631,1.0,7.468061e-15,-0.17545208
632,1.0,6.0288364e-16,-0.06178893
633,1.0,7.9586263e-16,2.9733052
634,1.0,7.1448516e-16,-1.0826687
635,1.0,1.2739553e-15,-1.6180323
636,1.0,3.2846574e-15,0.12896848
637,1.0,1.1614327e-15,0.93961805
638,1.0,2.442253e-16,-1.5315347
639,1.0,2.8185013e-15,0.3329417
640,1.0,1.0501721e-15,-1.096807
641,1.0,3.094147e-16,0.74468225
642,1.0,1.9259996e-15,0.05844961
643,1.0,1.7225801e-15,-0.5427857
644,1.0,1.0748302e-15,1.2882391
645,1.0,3.311024e-16,2.0277283
646,1.0,3.4889568e-16,1.3996547
647,1.0,1.3354095e-15,-1.6638502
648,1.0,1.7866345e-15,-0.22623286
649,1.0,7.320456e-16,0.77607256
650,1.0,1.6477656e-15,-1.1623017
651,1.0,5.2077597e-16,1.5648781
652,1.0,1.6935015e-15,-1.0418602
653,1.0,8.667891e-16,1.4538811
654,1.0,1.0582592e-15,-0.33302212
655,1.0,2.4127331e-15,-0.6971936
656,1.0,4.394232e-16,-0.2097414
657,1.0,1.6870021e-15,-0.043206636
658,1.0,8.744176e-16,-1.2398409
659,1.0,2.0013404e-15,0.0036449144
660,1.0,7.86144e-15,0.3249256
661,1.0,2.8542374e-16,1.0903679
662,1.0,4.2317656e-15,1.0728457
663,1.0,2.2191206e-16,-1.0714363
664,1.0,6.0038664e-16,-0.34275225
665,1.0,1.1404903e-15,0.6401441
666,1.0,1.4293063e-15,-0.26827526
667,1.0,9.385181e-15,0.24699886
668,1.0,4.3052308e-16,0.40801337
669,1.0,2.9033592e-15,0.5819172
670,1.0,1.4362147e-15,-0.41673264
671,1.0,7.795948e-15,-0.69968617
672,1.0,1.5423838e-14,-1.719786
673,1.0,2.4900147e-15,0.749667
674,1.0,5.3659235e-16,-0.9726954
675,1.0,7.699448e-16,-0.62493175
676,1.0,1.5011606e-15,-1.2778947
677,1.0,5.046497e-15,-1.2411159
678,1.0,1.1251755e-15,-0.26962143
679,1.0,1.882554e-15,-1.7448887
680,1.0,1.8079431e-15,0.5006867
681,1.0,5.31402e-16,0.631695
682,1.0,1.4339763e-14,2.3134415
683,1.0,5.973873e-15,-0.5403975
684,1.0,1.905341e-15,-0.664423
685,1.0,1.5813436e-15,1.6187106
686,1.0,1.137284e-15,0.426336
687,1.0,1.3471776e-15,-0.48017263
688,1.0,3.5134651e-16,-2.3859951
689,1.0,5.8706964e-16,1.3154621
690,1.0,2.2255807e-16,1.3032686
691,1.0,1.4728045e-16,1.5575554
692,1.0,2.8158885e-16,-0.12237119
693,1.0,2.289432e-16,-0.22252525
694,1.0,1.8978258e-15,0.30143568
695,1.0,2.018791e-16,-0.54795957
696,1.0,3.2753716e-16,-0.5084151
697,1.0,2.6871561e-15,-0.3328217
698,1.0,1.6548206e-15,3.172733
699,1.0,1.0237105e-15,-0.9094145
700,1.0,2.4307834e-16,-1.2159847
701,1.0,1.1818848e-15,-0.3793169
702,1.0,1.4355848e-15,-0.061739255
703,1.0,5.511707e-16,-1.0214485
704,1.0,6.491257e-16,0.036278933
705,1.0,3.464474e-16,2.002791
706,1.0,3.8359077e-15,-0.6462994
707,1.0,7.155325e-16,0.88557506
708,1.0,1.6286314e-14,0.1522363
709,1.0,2.4419282e-15,-1.6074591
710,1.0,3.1696638e-15,-1.1311234
711,1.0,1.6231664e-15,-0.49574947
712,1.0,2.7126015e-14,-0.47906458
713,1.0,1.4145625e-16,0.8779177
714,1.0,1.4190816e-15,1.240143
715,1.0,6.8110364e-16,1.0847905
716,1.0,4.2556576e-16,-2.740475
717,1.0,2.1622898e-15,-0.687237
718,1.0,9.338398e-15,1.6220564
719,1.0,2.1586882e-15,-0.52399975
720,1.0,1.5914436e-15,-0.19582279
721,1.0,2.030462e-15,1.0043786
722,1.0,4.0006428e-16,0.18017939
723,1.0,3.4290282e-15,-1.4482228
724,1.0,5.81176e-16,0.22218095
725,1.0,4.182797e-16,0.05376039
726,1.0,1.0067173e-15,0.3616903
727,1.0,5.4816415e-15,-0.18490428
728,1.0,2.4158369e-15,-0.73217154
729,1.0,4.261963e-15,0.7839069
730,1.0,8.2334043e-16,1.1399608
731,1.0,1.3185682e-15,-0.014605616
732,1.0,1.9592872e-15,-0.7743292
733,1.0,1.2735812e-15,-0.5655404
734,1.0,5.6366263e-16,-1.0531647
735,1.0,8.211761e-16,1.5048935
736,1.0,3.4131312e-16,0.24875896
737,1.0,1.2865407e-15,1.4443015
738,1.0,7.654174e-16,-0.9902913
739,1.0,2.6545938e-15,-0.5618445
740,1.0,5.548053e-16,1.0454518
741,1.0,2.7691578e-15,-0.7863837
742,1.0,1.1031096e-15,1.601468
743,1.0,9.518254e-16,0.63997597
744,1.0,8.7558585e-16,-0.45030147
745,1.0,4.839823e-14,-1.9169722
746,1.0,1.8174163e-15,0.01595501
747,1.0,5.5636094e-16,-0.47150633
748,1.0,1.4463862e-15,0.47729173
749,1.0,1.1627627e-15,0.7571051
750,1.0,1.1481032e-15,-0.5503897
751,1.0,1.3184174e-15,-0.3879466
752,1.0,2.0444834e-15,-0.04510036
753,1.0,2.1223772e-15,1.1481315
754,1.0,2.1109922e-15,-0.82619125
755,1.0,7.919407e-16,0.47539786
756,1.0,2.4370705e-15,-0.9454044
757,1.0,5.033094e-16,0.60115415
758,1.0,4.3046252e-15,-0.29156902
759,1.0,4.541061e-15,0.9827691
760,1.0,4.4750775e-15,0.57554203
761,1.0,2.9488215e-15,-0.6925103
762,1.0,1.6752024e-15,-0.057749182
763,1.0,3.0846263e-15,-0.8329599
764,1.0,1.479969e-15,-0.94205445
765,1.0,2.0293702e-15,-1.1423142
766,1.0,3.3568588e-16,0.63002807
767,1.0,4.873316e-15,-0.39870635
768,1.0,2.8824454e-16,2.0723343
769,1.0,5.370818e-16,1.5780668
770,1.0,2.2943018e-16,-0.18235783
771,1.0,5.164139e-16,-1.2311556
772,1.0,1.3939286e-16,1.7623327
773,1.0,8.013435e-15,1.275487
774,1.0,7.911043e-16,0.55556905
775,1.0,5.1414164e-16,1.1947818
776,1.0,7.38353e-16,-1.0993537
777,1.0,1.1387775e-15,-1.0198003
778,1.0,1.4351084e-15,0.5533201
779,1.0,2.8124115e-15,-0.89089864
780,1.0,5.8749083e-16,0.4275975
781,1.0,1.4228977e-15,0.42041078
782,1.0,4.443777e-15,-0.01736692
783,1.0,2.0762675e-15,-1.7802602
784,1.0,4.3838013e-16,1.698332
785,1.0,1.7395444e-15,-0.49071047
786,1.0,1.3971235e-15,-0.82206774
787,1.0,7.2255436e-16,-1.3601186
788,1.0,3.2747738e-15,-0.042103786
789,1.0,1.4580529e-15,-1.772822
790,1.0,2.8720964e-15,-0.41640776
791,1.0,4.7835233e-16,0.97324663
792,1.0,8.1342543e-16,-0.37048805
793,1.0,9.35769e-15,0.90136623
794,1.0,3.8951704e-15,1.5255464
795,1.0,4.0540905e-16,0.8491614
796,1.0,2.2546096e-15,1.1161994
797,1.0,5.216946e-16,3.508766
798,1.0,2.4393676e-15,0.13255921
799,1.0,3.553418e-15,0.50902045
800,1.0,8.52957e-16,0.17946889
801,1.0,2.1096387e-16,0.15445675
802,1.0,2.3064743e-15,-1.5470657
803,1.0,1.4555465e-15,0.27880788
804,1.0,6.067161e-15,1.5717003
805,1.0,5.131152e-15,-1.5320698
806,1.0,8.8413114e-16,-0.5468655
807,1.0,3.584705e-15,-3.2458344
808,1.0,1.269652e-15,-0.54631364
809,1.0,1.0103953e-15,0.3856461
810,1.0,5.033094e-16,-0.49340037
811,1.0,6.993573e-16,0.33225775
812,1.0,1.5968011e-15,-0.73903203
813,1.0,2.2764398e-15,-0.72194356
814,1.0,1.7455002e-15,-0.17474656
815,1.0,6.2473693e-16,-1.2520959
816,1.0,7.974429e-16,-0.21843725
817,1.0,2.9874193e-15,0.54544157
818,1.0,7.705093e-15,-0.10361429
819,1.0,2.3382425e-15,0.3038888
820,1.0,1.7578797e-14,-1.0655292
821,1.0,6.1214677e-15,-1.6867217
822,1.0,7.857088e-16,-0.122295566
823,1.0,5.830034e-16,-0.63356215
824,1.0,4.8992436e-15,-0.00248269
825,1.0,8.175789e-15,0.039084375
826,1.0,1.4518312e-15,-1.232059
827,1.0,5.4704416e-16,0.71613646
828,1.0,2.0564507e-15,0.94114953
829,1.0,7.94919e-16,0.975191
830,1.0,4.8672567e-16,0.34879476
831,1.0,2.9961488e-16,-1.1227931
832,1.0,3.5162826e-15,0.23552953
833,1.0,3.9761018e-16,-0.94282866
834,1.0,1.4177073e-15,1.0765566
835,1.0,2.8329455e-15,-1.3207875
836,1.0,2.030617e-15,1.0745006
837,1.0,9.955467e-16,-0.5702263
838,1.0,6.7632674e-16,1.7179121
839,1.0,1.1061773e-15,0.5935004
840,1.0,4.8442534e-15,-0.30093232
841,1.0,8.572207e-15,-0.53874654
842,1.0,3.2055466e-15,-0.34879136
843,1.0,4.1724065e-16,-0.8204758
844,1.0,3.7468346e-15,0.4238314
845,1.0,2.308753e-16,1.0051761
846,1.0,1.4883426e-15,-0.23697847
847,1.0,2.0090124e-15,-0.31004673
848,1.0,1.8760795e-16,-0.033180457
849,1.0,8.524495e-16,-1.194755
850,1.0,7.8736805e-16,-0.7531987
851,1.0,7.0835222e-15,-0.9150437
852,1.0,1.0905408e-15,-0.63123715
853,1.0,1.8995341e-16,-0.16679318
854,1.0,2.28055e-16,-0.34144047
855,1.0,9.803179e-16,0.62229633
856,1.0,4.488171e-16,0.6230156
857,1.0,3.1633824e-15,-2.0553167
858,1.0,1.1771385e-14,1.127957
859,1.0,5.589264e-16,0.11739843
860,1.0,4.1000328e-16,-0.5713726
861,1.0,4.2075883e-15,0.1265171
862,1.0,1.0431972e-14,1.144609
863,1.0,1.615217e-15,0.290727
864,1.0,1.13618755e-14,-1.9993715
865,1.0,8.777232e-15,0.5894652
866,1.0,1.27599135e-14,-0.603885
867,1.0,5.0021654e-15,0.5899992
868,1.0,1.1128433e-15,0.1276205
869,1.0,6.151217e-16,0.4358861
870,1.0,3.1794364e-15,0.18945663
871,1.0,1.311495e-15,-1.1044831
872,1.0,7.027966e-16,2.5185888
873,1.0,8.824195e-16,-0.72945505
874,1.0,3.1930114e-16,-1.7158332
875,1.0,2.2605175e-15,1.3231186
876,1.0,6.3165756e-16,-0.0013993161
877,1.0,3.7481195e-16,-0.3971997
878,1.0,3.0401997e-15,0.3381535
879,1.0,1.3739737e-15,1.0511153
880,1.0,2.0197782e-15,-1.35496
881,1.0,9.628542e-16,-0.8467303
882,1.0,4.755051e-16,0.38744754
883,1.0,7.3849944e-16,0.1992049
884,1.0,2.3672042e-15,0.097323686
885,1.0,6.8704547e-16,-1.1887354
886,1.0,6.745232e-16,0.8885071
887,1.0,1.746979e-15,-0.7534441
888,1.0,2.861991e-15,-0.69321287
889,1.0,7.552259e-15,-0.546363
890,1.0,9.536026e-16,1.8995396
891,1.0,1.0571861e-15,0.049037106
892,1.0,2.1922477e-15,-0.91616434
893,1.0,2.0421994e-15,-1.292962
894,1.0,1.1657516e-15,0.9939142
895,1.0,3.3031913e-15,-1.0729766
896,1.0,9.6265175e-17,0.5371972
897,1.0,9.011638e-15,0.033500236
898,1.0,4.5847654e-16,-0.005192545
899,1.0,8.107025e-16,-0.91992784
900,1.0,3.685876e-15,-0.43711838
901,1.0,4.6241473e-15,-0.2537244
902,1.0,9.799515e-16,1.5203558
903,1.0,1.5694274e-14,0.21807769
904,1.0,8.108637e-15,1.7625729
905,1.0,3.5486365e-15,0.29081428
906,1.0,5.2310375e-15,-1.7566414
907,1.0,1.8878316e-16,-1.378767
908,1.0,1.065722e-14,-0.99722975
909,1.0,2.2508456e-15,0.29991055
910,1.0,2.755135e-14,-1.6784725
911,1.0,2.8157501e-15,-0.22883216
912,1.0,1.4199751e-15,1.5161701
913,1.0,3.9986918e-15,-1.3078893
914,1.0,2.2157371e-16,1.3841885
915,1.0,1.7014596e-15,0.5413921
916,1.0,7.766084e-16,-1.3925586
917,1.0,3.6977462e-16,-0.0652649
918,1.0,1.3409481e-15,-0.6053422
919,1.0,9.245701e-16,0.45224124
920,1.0,1.0470919e-15,1.8549207
921,1.0,4.6476475e-16,2.3276384
922,1.0,1.2369655e-16,0.4356138
923,1.0,7.646473e-15,0.34054083
924,1.0,2.8697968e-15,0.6160436
925,1.0,5.806666e-15,-0.21860906
926,1.0,2.1837926e-15,-0.36170903
927,1.0,8.745043e-16,-0.79713756
928,1.0,1.0150433e-14,1.5382997
929,1.0,2.7722546e-15,-0.3056843
930,1.0,5.1331854e-16,-0.053507276
931,1.0,1.153362e-15,0.19314198
932,1.0,3.2735123e-15,-1.5406544
933,1.0,3.0809337e-15,0.43583703
934,1.0,1.2499243e-16,-0.40005273
935,1.0,9.217599e-16,-1.5550764
936,1.0,2.0925358e-15,0.6563382
937,1.0,2.4492247e-14,-1.7413924
938,1.0,2.3405092e-15,0.6765581
939,1.0,1.0633424e-14,0.5977802
940,1.0,1.5955294e-14,0.462987
941,1.0,9.366542e-16,-0.8932547
942,1.0,1.0173958e-15,-0.06347115
943,1.0,5.9060293e-16,-0.14624333
944,1.0,3.0761657e-15,-0.43592983
945,1.0,2.4232207e-15,-1.3475703
946,1.0,4.3163986e-15,-0.583813
947,1.0,3.4608813e-16,-0.95925736
948,1.0,2.7543034e-15,1.3341115
949,1.0,3.864548e-15,-0.87823474
950,1.0,4.11473e-16,-0.4842874
951,1.0,2.4017675e-16,0.7942056
952,1.0,2.9725377e-16,0.7267792
953,1.0,7.523357e-16,-0.26287976
954,1.0,2.2539806e-16,-0.22163422
955,1.0,8.417733e-15,-1.876587
956,1.0,5.2322326e-16,-1.214546
957,1.0,3.85561e-15,-1.8985018
958,1.0,5.1505247e-16,1.295462
959,1.0,8.282231e-16,0.70049894
960,1.0,6.722194e-15,0.0047605326
961,1.0,2.5458763e-15,0.6703656
962,1.0,4.4487975e-15,-0.4281439
963,1.0,1.8821879e-15,-1.1040944
964,1.0,4.659559e-16,0.061540324
965,1.0,6.375036e-16,-0.054358553
966,1.0,1.4428262e-15,1.2862891
967,1.0,7.40203e-16,0.81024456
968,1.0,1.1363127e-15,0.1548327
969,1.0,3.9380345e-15,0.5852324
970,1.0,1.803452e-15,0.7759819
971,1.0,5.8837026e-15,-1.983184
972,1.0,7.3852235e-15,-1.2586566
973,1.0,8.54693e-16,-0.23252489
974,1.0,2.05594e-16,-0.6337267
975,1.0,5.1377503e-16,1.1110737
976,1.0,1.5252309e-15,-0.41807094
977,1.0,1.0036114e-15,0.029975045
978,1.0,1.854669e-15,-1.1305583
979,1.0,3.426361e-15,-0.8941881
980,1.0,5.080473e-15,0.23038106
981,1.0,5.0926585e-15,-0.46593466
982,1.0,2.7865028e-16,0.26448298
983,1.0,1.2622295e-15,-0.061501354
984,1.0,2.08039e-15,0.33297664
985,1.0,4.1729001e-16,-2.395036
986,1.0,3.0345339e-15,-0.8804725
987,1.0,1.0660752e-15,0.3445724
988,1.0,2.9332831e-15,-0.52743787
989,1.0,1.08560514e-16,-0.079572044
990,1.0,1.7979694e-16,0.05041142
991,1.0,5.6193865e-16,0.45730615
992,1.0,3.6639908e-16,-0.26062316
993,1.0,4.1782042e-16,-0.59893453
994,1.0,2.4692982e-16,1.0343198
995,1.0,1.3714968e-15,0.34232685
996,1.0,2.7591196e-15,-1.179124
997,1.0,6.435756e-16,0.1867267
998,1.0,2.0669808e-16,-0.39723673
999,1.0,1.7987662e-15,0.028270962
1000,1.0,1.0940743e-15,-2.4753187
1001,1.0,1.0978799e-13,-0.7307126
1002,1.0,6.564267e-16,0.5504886
1003,1.0,3.3834323e-16,0.050031673
1004,1.0,3.9505833e-15,1.3115332
1005,1.0,3.9175524e-15,0.11132935
1006,1.0,1.3535703e-15,0.5778081
1007,1.0,8.6257034e-16,0.82169193
1008,1.0,1.0845212e-15,1.509653
1009,1.0,3.0220245e-14,0.5375922
1010,1.0,1.7459331e-15,0.021886755
1011,1.0,3.2159438e-16,-0.5156862
1012,1.0,1.1837302e-15,-0.5622193
1013,1.0,1.5107119e-14,-1.3908033
1014,1.0,7.8201936e-15,1.7862703
1015,1.0,2.536096e-15,1.2129828
1016,1.0,3.3801167e-16,0.27107793
1017,1.0,2.7255606e-15,0.8103891
1018,1.0,1.630253e-15,1.1814578
1019,1.0,2.283858e-16,-0.14369135
1020,1.0,6.457249e-16,0.16160458
1021,1.0,2.9229176e-15,-0.42721644
1022,1.0,1.6645263e-15,-1.889007
1023,1.0,3.0034838e-16,0.44110566
1024,1.0,2.4224708e-16,-1.3783158
1025,1.0,3.9921683e-15,0.43482763
1026,1.0,2.2585263e-15,-0.587077
1027,1.0,5.2930803e-16,1.3746725
1028,1.0,5.7281454e-15,0.62442297
1029,1.0,4.60858e-15,-0.46322504
1030,1.0,3.8374865e-16,-1.8492198
1031,1.0,1.1166323e-15,0.33306673
1032,1.0,3.5882192e-16,-0.7704424
1033,1.0,2.4233316e-15,-0.97054744
1034,1.0,2.2594828e-15,0.83181584
1035,1.0,9.934033e-16,0.046141088
1036,1.0,2.920709e-16,0.59076476
1037,1.0,2.765409e-16,-0.7917996
1038,1.0,7.935953e-15,0.1486904
1039,1.0,2.7590447e-16,1.723163
1040,1.0,7.46763e-16,-0.6930709
1041,1.0,2.8350644e-15,-0.5769822
1042,1.0,4.696803e-16,-1.2796557
1043,1.0,6.4128176e-16,0.48243418
1044,1.0,2.4487377e-15,0.9233833
1045,1.0,6.9096173e-16,-0.48385882
1046,1.0,4.2462524e-16,-2.7086718
1047,1.0,3.3533793e-15,2.2978961
1048,1.0,7.571438e-16,0.5823967
1049,1.0,3.3524985e-14,-0.20212428
1050,1.0,2.7769525e-16,1.630647
1051,1.0,2.6154328e-15,-0.038185067
1052,1.0,3.1838056e-15,-0.35040247
1053,1.0,2.3764137e-16,-1.6876137
1054,1.0,2.2112039e-15,0.082115665
1055,1.0,2.9113316e-16,0.49582034
1056,1.0,1.0685425e-15,1.528605
1057,1.0,2.1116273e-16,-0.6979847
1058,1.0,1.1937564e-15,0.30121666
1059,1.0,6.106744e-17,0.6637203
1060,1.0,1.7188846e-15,-0.5726466
1061,1.0,2.204382e-15,-1.8664157
1062,1.0,5.16164e-15,-1.6169333
1063,1.0,4.486787e-15,0.47167876
1064,1.0,5.975306e-16,-0.89011925
1065,1.0,1.3392203e-15,0.8915203
1066,1.0,6.573363e-16,1.7461301
1067,1.0,2.4108472e-15,-0.6703444
1068,1.0,1.6509681e-15,1.8299173
1069,1.0,2.7570575e-15,-0.22464931
1070,1.0,2.3538042e-16,-1.2296497
1071,1.0,3.40893e-15,1.5106432
1072,1.0,1.0603323e-15,0.27890772
1073,1.0,6.2650294e-16,0.30641237
1074,1.0,1.5838784e-16,-1.7982565
1075,1.0,3.232377e-15,-2.5879884
1076,1.0,9.289012e-15,1.1973153
1077,1.0,6.4902915e-16,-1.0271926
1078,1.0,1.1332911e-15,1.2516431
1079,1.0,1.871106e-15,0.52534014
1080,1.0,2.4343282e-16,-0.5024548
1081,1.0,1.17135e-16,-2.6366081
1082,1.0,1.9179494e-15,0.012232639
1083,1.0,7.389306e-16,-0.16161972
1084,1.0,1.0401965e-15,1.4579731
1085,1.0,1.5392539e-14,-1.0442541
1086,1.0,2.830094e-15,-0.7850096
1087,1.0,9.523194e-16,-0.7208642
1088,1.0,4.945244e-16,-0.7380621
1089,1.0,7.2729976e-16,0.4494947
1090,1.0,1.7905783e-15,-1.9727331
1091,1.0,6.837615e-16,0.44593704
1092,1.0,9.889418e-16,0.9402746
1093,1.0,5.7737107e-15,0.8137491
1094,1.0,4.8823006e-16,0.10385828
1095,1.0,3.282716e-15,1.268603
1096,1.0,9.52512e-16,0.4502842
1097,1.0,1.8990788e-15,-0.10509161
1098,1.0,1.3583284e-16,-0.88694704
1099,1.0,2.0776776e-15,0.74791133
1100,1.0,2.0315158e-15,1.6116459
1101,1.0,1.7243355e-15,0.021917323
1102,1.0,7.5268597e-16,-1.2957913
1103,1.0,2.366491e-15,1.2731966
1104,1.0,1.9974125e-15,1.7384199
1105,1.0,1.7187328e-16,-1.2510555
1106,1.0,5.2617353e-16,0.44356352
1107,1.0,1.8422026e-15,0.3948118
1108,1.0,5.970293e-16,0.49329844
1109,1.0,8.643461e-15,-0.9711323
1110,1.0,7.113522e-16,-0.27453786
1111,1.0,8.180905e-15,0.0084332945
1112,1.0,3.3736776e-15,-0.2655504
1113,1.0,1.130959e-15,-0.7129924
1114,1.0,1.606135e-16,-0.9376057
1115,1.0,4.4727374e-16,-0.44445214
1116,1.0,1.4586203e-15,-0.5888878
1117,1.0,1.4176323e-14,-1.0450511
1118,1.0,2.426014e-15,0.5364942
1119,1.0,7.195727e-16,-1.4088714
1120,1.0,8.337932e-15,-0.23004141
1121,1.0,1.507381e-15,-0.47098723
1122,1.0,1.3375909e-16,-0.8756331
1123,1.0,6.9313966e-16,-0.2443824
1124,1.0,2.4414332e-16,-0.41685283
1125,1.0,8.611759e-17,0.68260574
1126,1.0,5.3268496e-15,0.08564728
1127,1.0,4.1686223e-15,0.075295076
1128,1.0,5.5270557e-16,0.6769134
1129,1.0,2.051452e-15,0.488677
1130,1.0,3.8372525e-16,-1.8866664
1131,1.0,7.5175053e-16,-0.6123839
1132,1.0,1.6093618e-15,0.49079654
1133,1.0,5.3144255e-16,-0.07081311
1134,1.0,9.760417e-16,-0.07513308
1135,1.0,3.2047748e-16,-2.1821477
1136,1.0,6.4192824e-15,-0.20014581
1137,1.0,2.498788e-15,0.15440065
1138,1.0,3.841985e-15,-2.7614908
1139,1.0,1.0466446e-15,1.0444757
1140,1.0,4.768638e-16,-0.34029663
1141,1.0,1.1360619e-14,-0.10326339
1142,1.0,3.9641244e-15,0.4087881
1143,1.0,1.6608855e-15,-2.2507503
1144,1.0,3.1684654e-16,-0.1025381
1145,1.0,6.411692e-16,1.0203471
1146,1.0,3.0046313e-15,-1.1402841
1147,1.0,3.1858955e-15,-0.7373727
1148,1.0,9.311963e-16,-0.92113113
1149,1.0,1.892477e-14,1.18882
1150,1.0,1.793764e-15,0.41205275
1151,1.0,1.3628342e-15,-1.1865947
1152,1.0,2.353581e-15,1.3097348
1153,1.0,3.0962487e-16,0.10203319
1154,1.0,1.8620346e-15,-1.4236221
1155,1.0,1.1129495e-15,-0.77892643
1156,1.0,9.143495e-16,-1.5965245
1157,1.0,8.426275e-16,0.9906785
1158,1.0,6.680828e-16,-1.1528869
1159,1.0,9.679469e-17,1.026712
1160,1.0,1.8995133e-15,-0.44374102
1161,1.0,6.235682e-15,-0.40724695
1162,1.0,6.905348e-16,0.60857046
1163,1.0,3.9756773e-16,0.24189611
1164,1.0,8.2610896e-16,-0.20047273
1165,1.0,1.1109559e-15,0.7130431
1166,1.0,1.2160109e-15,-0.638769
1167,1.0,3.627401e-16,0.5262422
1168,1.0,4.1789078e-15,-0.1111661
1169,1.0,1.6209017e-15,-1.0353168
1170,1.0,1.954532e-15,0.2921681
1171,1.0,1.084393e-15,0.98996264
1172,1.0,1.1296913e-15,0.8661552
1173,1.0,1.843897e-15,-0.2884149
1174,1.0,6.360583e-16,0.06546729
1175,1.0,6.9583397e-16,0.5926296
1176,1.0,7.3543514e-16,-0.812565
1177,1.0,6.2732086e-16,0.25226972
1178,1.0,1.2372824e-15,0.69191647
1179,1.0,4.67184e-16,-0.03703329
1180,1.0,8.99728e-15,-0.806401
1181,1.0,1.1053168e-15,-0.061841283
1182,1.0,2.1919122e-16,0.03884518
1183,1.0,1.3419204e-15,0.7986831
1184,1.0,7.2228426e-16,0.13101877
1185,1.0,1.1145135e-14,-1.5885265
1186,1.0,1.6061174e-15,1.3301107
1187,1.0,4.2611504e-15,0.4640623
1188,1.0,6.888195e-16,0.5287071
1189,1.0,1.300361e-15,-0.1501446
1190,1.0,1.0851543e-15,-0.29868263
1191,1.0,3.5440909e-15,-0.5549744
1192,1.0,9.367185e-16,0.89791626
1193,1.0,5.153394e-16,0.8742104
1194,1.0,3.6168312e-16,-0.5477326
1195,1.0,3.4992219e-15,-2.4341338
1196,1.0,1.7730961e-15,-2.0342567
1197,1.0,5.834064e-15,1.8094627
1198,1.0,1.1168282e-15,-1.6897693
1199,1.0,8.156382e-15,-0.27129617
1200,1.0,3.7789718e-16,0.573474
1201,1.0,5.8225664e-16,-0.0694082
1202,1.0,1.307818e-15,-0.61012787
1203,1.0,1.1635613e-15,0.2704971
1204,1.0,2.7227548e-15,-0.54337156
1205,1.0,3.674042e-15,-0.74493957
1206,1.0,4.490894e-16,1.4352107
1207,1.0,5.4990666e-15,0.23463528
1208,1.0,6.787615e-16,-2.122199
1209,1.0,3.56224e-15,-0.77996254
1210,1.0,4.8065e-15,-0.37094954
1211,1.0,2.9017742e-16,0.40702462
1212,1.0,8.786909e-16,-0.13790222
1213,1.0,9.112996e-15,-0.08832231
1214,1.0,9.307315e-15,0.012114476
1215,1.0,2.0900059e-16,-0.25328973
1216,1.0,9.66726e-16,0.18240517
1217,1.0,5.2086766e-15,0.8855217
1218,1.0,2.2525206e-15,0.5891628
1219,1.0,2.915857e-15,-0.4803488
1220,1.0,2.2699882e-15,-0.3312304
1221,1.0,2.3694989e-15,-1.2202698
1222,1.0,4.0182777e-16,1.2096846
1223,1.0,1.778217e-15,-0.26639405
1224,1.0,2.6175088e-15,0.981959
1225,1.0,1.3114157e-14,0.40028054
1226,1.0,4.1329643e-15,-0.2396297
1227,1.0,3.751338e-16,0.22571442
1228,1.0,2.892248e-16,-0.68299305
1229,1.0,3.3149939e-15,-0.19285691
1230,1.0,5.826477e-16,-1.3942993
1231,1.0,4.6107757e-16,-3.284049
1232,1.0,1.24980635e-14,-2.6551256
1233,1.0,1.9996233e-15,-0.73959637
1234,1.0,4.2277e-15,-0.88164127
1235,1.0,9.413574e-16,-0.07525302
1236,1.0,1.515603e-15,-0.29121163
1237,1.0,2.6738835e-15,-1.4375626
1238,1.0,2.6326097e-15,-0.49975505
1239,1.0,1.1668907e-15,1.0922277
1240,1.0,9.673162e-16,-0.78229785
1241,1.0,6.5354087e-16,-0.36272612
1242,1.0,4.0351437e-16,0.719955
1243,1.0,6.700148e-16,1.7512664
1244,1.0,1.0268902e-15,0.62500983
1245,1.0,9.1123356e-15,0.37356642
1246,1.0,5.4501803e-14,-1.6702641
1247,1.0,1.1704259e-15,2.0525165
1248,1.0,1.6129573e-15,0.3658385
1249,1.0,5.855465e-16,0.9932466
1250,1.0,1.0355168e-15,0.09461704
1251,1.0,3.670974e-15,-0.978725
1252,1.0,1.5186125e-15,-0.0027786891
1253,1.0,5.559239e-16,-0.015875923
1254,1.0,2.5321616e-15,0.79268724
1255,1.0,2.0006685e-15,-2.0494847
1256,1.0,4.2795747e-15,-0.39858526
1257,1.0,2.0147992e-15,-0.52709365
1258,1.0,7.6010143e-16,2.3804743
1259,1.0,2.5549438e-15,-1.034927
1260,1.0,2.5384662e-16,-0.12255027
1261,1.0,1.0674716e-14,0.32018965
1262,1.0,1.5517695e-15,-0.45061392
1263,1.0,4.3295893e-16,0.67426634
1264,1.0,3.7504364e-16,-1.0089171
1265,1.0,2.0437425e-15,2.0864944
1266,1.0,4.5362824e-15,-0.5522174
1267,1.0,1.3094554e-15,1.0069526
1268,1.0,3.4374085e-16,1.9259143
1269,1.0,7.276716e-16,-0.719364
1270,1.0,1.0478591e-15,-0.3694188
1271,1.0,9.811858e-16,0.04707922
1272,1.0,2.595218e-15,-0.26434487
1273,1.0,1.0327515e-15,0.33769763
1274,1.0,3.3585367e-16,1.9699872
1275,1.0,2.4994553e-15,-0.45921928
1276,1.0,1.1287523e-15,-0.7639801
1277,1.0,1.8582454e-15,0.6384021
1278,1.0,2.3805146e-16,0.9826005
1279,1.0,1.6846997e-15,0.29519552
1280,1.0,1.0232034e-14,0.2588235
1281,1.0,2.21502e-15,1.5026977
1282,1.0,5.744818e-16,2.0377614
1283,1.0,1.5373224e-15,-0.8334839
1284,1.0,1.4519253e-15,0.7552989
1285,1.0,4.4736096e-15,-0.23772506
1286,1.0,3.199062e-14,-0.5969157
1287,1.0,3.858494e-15,-1.2804298
1288,1.0,1.3340297e-15,0.3532855
1289,1.0,6.2459905e-15,-0.69411016
1290,1.0,1.4985288e-15,1.0700476
1291,1.0,1.2650881e-15,1.2881297
1292,1.0,1.1916998e-15,-0.7312519
1293,1.0,1.6498223e-15,-0.7405182
1294,1.0,3.025426e-15,0.06573203
1295,1.0,2.6602796e-16,-1.6634485
1296,1.0,2.1201518e-15,1.5343806
1297,1.0,8.873202e-17,0.10438204
1298,1.0,4.7313143e-15,-0.4343713
1299,1.0,5.151016e-16,-0.70402485
1300,1.0,5.3588863e-16,-0.58333564
1301,1.0,1.1692835e-15,0.42317623
1302,1.0,1.923628e-15,1.268908
1303,1.0,5.688598e-16,-0.42647693
1304,1.0,2.8313033e-15,-0.7783802
1305,1.0,4.7640383e-16,-1.2968411
1306,1.0,2.8124331e-15,-0.7715401
1307,1.0,3.301327e-15,0.12986858
1308,1.0,2.0868283e-15,2.1128829
1309,1.0,7.1413634e-16,-0.3238971
1310,1.0,3.3789195e-15,0.99546283
1311,1.0,1.3461495e-16,1.889096
1312,1.0,5.5200184e-16,1.2371961
1313,1.0,2.3321215e-16,1.7073491
1314,1.0,1.214583e-15,-0.87764376
1315,1.0,4.708931e-16,-0.68228203
1316,1.0,9.728225e-16,1.0072485
1317,1.0,5.436304e-16,0.34977338
1318,1.0,4.9392487e-16,-1.4595075
1319,1.0,2.4907177e-15,-0.83820844
1320,1.0,8.755992e-16,-0.04087672
1321,1.0,1.4581086e-15,-1.6199772
1322,1.0,9.840946e-16,0.36470872
1323,1.0,1.1087966e-15,-0.30634382
1324,1.0,1.4804038e-15,0.007735332
1325,1.0,2.7277746e-16,1.6813143
1326,1.0,5.894483e-16,-0.14674571
1327,1.0,1.1165641e-15,-0.7985345
1328,1.0,1.7303921e-14,1.0372901
1329,1.0,1.9028786e-15,0.8865564
1330,1.0,2.756512e-14,-1.0037545
1331,1.0,3.9188956e-16,0.15186791
1332,1.0,1.1354417e-15,0.23882285
1333,1.0,7.4594586e-16,-0.73644656
1334,1.0,2.5435356e-16,-1.9541754
1335,1.0,1.141418e-14,-0.7084921
1336,1.0,5.131502e-16,1.239065
1337,1.0,4.0603432e-16,-0.3344642
1338,1.0,8.545202e-16,1.5883234
1339,1.0,6.5195226e-16,0.7435984
1340,1.0,2.2808209e-15,-1.006231
1341,1.0,1.1825032e-14,0.30276564
1342,1.0,1.3505582e-15,-0.48939264
1343,1.0,2.9589743e-15,0.09726413
1344,1.0,2.7652521e-15,0.9594685
1345,1.0,9.482665e-16,-1.7615135
1346,1.0,8.7491515e-15,0.07277012
1347,1.0,4.3500513e-16,1.3424423
1348,1.0,1.0464769e-15,1.6657696
1349,1.0,1.551455e-16,0.21002255
1350,1.0,3.449809e-16,-0.19373578
1351,1.0,3.498606e-16,-1.4693552
1352,1.0,1.6729162e-15,-0.4793432
1353,1.0,1.0188484e-15,0.97678065
1354,1.0,1.8438478e-15,0.3138026
1355,1.0,4.7303555e-16,1.2329997
1356,1.0,5.5709786e-16,0.84402436
1357,1.0,8.073971e-16,0.08466803
1358,1.0,4.4966883e-16,2.1766915
1359,1.0,1.0683144e-15,-2.0108764
1360,1.0,1.52558e-15,-0.8580457
1361,1.0,1.914448e-15,-1.2276157
1362,1.0,2.4634285e-15,-0.49048775
1363,1.0,1.5282594e-15,-0.4477263
1364,1.0,4.5411803e-16,-0.002315238
1365,1.0,5.5208607e-16,-0.16976571
1366,1.0,4.8254567e-16,1.1256627
1367,1.0,1.1118202e-16,1.6587833
1368,1.0,3.807044e-15,-0.36524507
1369,1.0,1.1850178e-15,1.3162031
1370,1.0,8.3208335e-16,0.8448449
1371,1.0,1.5934422e-15,0.24275714
1372,1.0,4.582984e-15,-0.13911942
1373,1.0,2.268602e-16,-1.1105229
1374,1.0,2.803862e-16,0.56093186
1375,1.0,1.3012393e-15,-0.25050095
1376,1.0,1.8977318e-15,-0.492855
1377,1.0,1.683325e-15,-0.72531176
1378,1.0,1.4613438e-15,0.38414082
1379,1.0,2.0451609e-16,-0.918623
1380,1.0,1.7408113e-16,1.3682356
1381,1.0,3.705965e-16,-0.6100106
1382,1.0,5.030947e-15,1.3834898
1383,1.0,6.279649e-16,-0.48838806
1384,1.0,2.2992434e-16,-0.3897669
1385,1.0,1.429917e-15,0.6827396
1386,1.0,2.1146502e-16,-0.984994
1387,1.0,2.9475508e-15,-0.9227153
1388,1.0,2.9812491e-15,-0.24788725
1389,1.0,1.9730879e-15,-1.1548204
1390,1.0,5.4329456e-16,1.4474826
1391,1.0,4.962971e-16,0.60353947
1392,1.0,4.8435303e-16,0.2645991
1393,1.0,1.3196343e-16,0.73372406
1394,1.0,5.4392914e-16,0.4111148
1395,1.0,3.959105e-16,0.20924245
1396,1.0,6.2080755e-16,-1.2141595
1397,1.0,1.593332e-16,0.7267358
1398,1.0,3.0831559e-15,0.13143028
1399,1.0,1.1964735e-15,1.598094
1400,1.0,7.498831e-16,-0.46250892
1401,1.0,3.554489e-15,-0.2945571
1402,1.0,8.907329e-15,-0.8366494
1403,1.0,2.1488117e-16,-0.4645283
1404,1.0,1.0821367e-15,0.8004588
1405,1.0,2.8425583e-15,-1.2800198
1406,1.0,3.7701166e-16,-0.25797683
1407,1.0,2.2045756e-15,0.7117049
1408,1.0,1.538889e-15,-0.56248397
1409,1.0,1.1688821e-15,0.25046605
1410,1.0,2.0497926e-16,-0.91905856
1411,1.0,3.6967872e-16,-0.66348326
1412,1.0,2.4160581e-15,0.24504338
1413,1.0,2.1938122e-15,0.9414311
1414,1.0,8.7966735e-15,-1.04082
1415,1.0,7.057764e-15,-1.1974792
1416,1.0,3.2932895e-15,0.4019738
1417,1.0,4.122145e-16,0.48763397
1418,1.0,7.025607e-16,0.5445096
1419,1.0,2.4278747e-15,-0.32642713
1420,1.0,1.6974265e-16,0.3344326
1421,1.0,2.0386423e-15,0.25496668
1422,1.0,4.0053173e-15,0.7317729
1423,1.0,4.652082e-16,0.9438387
1424,1.0,2.4482693e-16,0.0020785073
1425,1.0,7.1070125e-16,-0.88443625
1426,1.0,1.5917958e-15,0.387446
1427,1.0,1.645385e-15,0.19883536
1428,1.0,5.5018125e-16,-0.7462099
1429,1.0,3.629313e-15,0.5812044
1430,1.0,2.2230605e-16,1.0526192
1431,1.0,7.93601e-16,-0.35116827
1432,1.0,3.1854927e-16,-1.5482756
1433,1.0,4.1239718e-15,0.8097248
1434,1.0,1.3664365e-15,-0.9654735
1435,1.0,1.3552289e-15,-1.1981908
1436,1.0,3.3493777e-15,0.6812011
1437,1.0,4.450815e-16,-1.0230595
1438,1.0,1.1721684e-15,0.5012062
1439,1.0,3.6218014e-16,0.843717
1440,1.0,4.965584e-16,-1.9326769
1441,1.0,1.9278519e-15,0.43889838
1442,1.0,1.1379655e-15,-0.48913318
1443,1.0,5.1475394e-16,-0.09251447
1444,1.0,1.8717484e-15,-0.0064060558
1445,1.0,2.0287123e-15,-0.76888937
1446,1.0,5.668088e-15,-0.92856824
1447,1.0,1.1193959e-15,0.5022441
1448,1.0,1.495445e-15,-0.38702393
1449,1.0,5.044572e-15,-1.0450361
1450,1.0,1.8313352e-15,-0.18798976
1451,1.0,1.2483191e-15,1.8708844
1452,1.0,6.665478e-16,-0.048057947
1453,1.0,2.0200083e-16,1.393238
1454,1.0,1.3691961e-16,0.5377168
1455,1.0,7.300071e-16,-1.5869354
1456,1.0,5.6343043e-16,0.92384124
1457,1.0,9.349764e-16,-0.33323994
1458,1.0,1.9162234e-15,1.6259378
1459,1.0,1.9611491e-15,1.4156338
1460,1.0,6.1955367e-16,-1.0716593
1461,1.0,5.737722e-16,1.4314153
1462,1.0,8.3288046e-16,0.97980356
1463,1.0,2.7373869e-15,0.45776254
1464,1.0,1.2515901e-15,-1.6505657
1465,1.0,1.6390633e-16,0.09520642
1466,1.0,7.118408e-16,0.3431852
1467,1.0,6.6438236e-16,0.7601271
1468,1.0,9.119251e-16,-0.8234569
1469,1.0,2.8783922e-15,-0.24251975
1470,1.0,2.6006474e-16,-0.43498963
1471,1.0,1.9230117e-15,-1.2951263
1472,1.0,1.7423203e-15,0.09681534
1473,1.0,4.666301e-16,2.24453
1474,1.0,4.3083382e-15,-0.367701
1475,1.0,2.9885236e-16,0.57659197
1476,1.0,5.792926e-15,-0.28356752
1477,1.0,3.7676295e-16,0.7798937
1478,1.0,3.8118666e-16,0.3840548
1479,1.0,2.0080864e-14,-0.03797743
1480,1.0,2.313867e-16,0.36890438
1481,1.0,2.4127503e-16,-1.6500275
1482,1.0,1.441402e-14,-0.6197575
1483,1.0,2.9147322e-16,-1.0178277
1484,1.0,1.3315486e-15,0.5011964
1485,1.0,3.1078338e-16,1.5507325
1486,1.0,5.8013295e-15,0.66129863
1487,1.0,6.6464346e-16,0.16134821
1488,1.0,3.9535534e-15,0.39912713
1489,1.0,5.9438875e-16,-0.13657661
1490,1.0,6.0489045e-15,0.95924765
1491,1.0,1.0974517e-15,1.9458637
1492,1.0,6.381776e-16,-0.8162702
1493,1.0,1.5968855e-16,0.34505472
1494,1.0,1.6130557e-15,1.2075889
1495,1.0,4.5494854e-16,-0.5992153
1496,1.0,6.459765e-15,0.63157505
1497,1.0,1.5847676e-15,-0.8557471
1498,1.0,3.0218255e-16,0.8353239
1499,1.0,1.4517148e-15,-2.8127265
1500,1.0,2.3754256e-16,0.5350433
1501,1.0,4.246627e-15,1.0993493
1502,1.0,1.5500892e-15,-0.6174627
1503,1.0,1.7252369e-15,-1.2605045
1504,1.0,3.0153558e-15,-0.32023877
1505,1.0,1.1714264e-15,2.3175464
1506,1.0,1.7798117e-15,-0.6447506
1507,1.0,1.6364713e-15,0.4179878
1508,1.0,6.4002805e-16,0.4624717
1509,1.0,2.2515326e-15,0.41423506
1510,1.0,6.103487e-16,1.7354544
1511,1.0,8.8491395e-16,-1.286276
1512,1.0,7.440673e-16,1.2564486
1513,1.0,5.0393022e-15,-0.7408018
1514,1.0,4.4039843e-15,0.111008324
1515,1.0,4.1555735e-14,-0.8198435
1516,1.0,8.823791e-16,-1.047336
1517,1.0,1.648098e-16,1.1758752
1518,1.0,1.2742421e-15,-1.2752641
1519,1.0,5.756472e-14,-1.4414369
1520,1.0,3.4534317e-15,0.3869116
1521,1.0,8.248179e-16,-1.3034844
1522,1.0,1.9768915e-16,0.93658954
1523,1.0,6.9812883e-15,0.4932899
1524,1.0,4.5799056e-16,0.62679917
1525,1.0,5.479467e-15,-1.6299763
1526,1.0,3.8270778e-16,1.3120373
1527,1.0,4.0366525e-16,1.094379
1528,1.0,2.3809063e-15,-0.20347123
1529,1.0,2.045123e-15,1.5475626
1530,1.0,9.575212e-16,-0.3003795
1531,1.0,1.1066753e-15,-0.6202895
1532,1.0,1.0812784e-15,0.31651032
1533,1.0,1.9518273e-15,-1.4254763
1534,1.0,3.8519645e-15,1.2838277
1535,1.0,2.714501e-14,-2.082387
1536,1.0,3.857449e-15,-0.29306972
1537,1.0,1.7005764e-16,1.9962218
1538,1.0,1.6962299e-15,1.7610087
1539,1.0,1.1992197e-15,0.8535178
1540,1.0,4.4343763e-16,0.5003903
1541,1.0,4.4470474e-16,-0.4700703
1542,1.0,7.618315e-16,-1.6549174
1543,1.0,4.5294674e-16,0.7519041
1544,1.0,6.276703e-16,0.63712066
1545,1.0,1.787214e-15,1.0195647
1546,1.0,1.205177e-15,-1.5666378
1547,1.0,8.840772e-16,1.0979208
1548,1.0,2.2881585e-15,-0.15662462
1549,1.0,8.903994e-16,0.18584086
1550,1.0,5.5081362e-15,1.0862411
1551,1.0,5.5910977e-16,2.8429222
1552,1.0,3.8217254e-15,1.00083
1553,1.0,4.9554794e-16,-0.90115005
1554,1.0,2.8901746e-16,1.4685555
1555,1.0,7.996544e-16,0.8931393
1556,1.0,7.310274e-15,1.4423175
1557,1.0,1.4000578e-15,-1.2541428
1558,1.0,4.328865e-15,-0.42543998
1559,1.0,1.4111463e-15,2.489991
1560,1.0,8.413106e-16,-1.7991253
1561,1.0,3.7949223e-15,-0.2977934
1562,1.0,9.350048e-16,3.7505097
1563,1.0,1.8214696e-15,0.52136356
1564,1.0,3.8144867e-15,0.255919
1565,1.0,1.3914324e-15,-0.91355634
1566,1.0,1.6566649e-15,0.123098575
1567,1.0,8.080908e-15,-1.7330604
1568,1.0,8.001732e-16,1.9071593
1569,1.0,8.2474243e-16,1.0923276
1570,1.0,2.2069736e-15,-0.39657643
1571,1.0,3.628178e-15,-0.1656663
1572,1.0,4.3995656e-16,-0.5713169
1573,1.0,3.4536292e-15,-1.0366952
1574,1.0,2.59221e-15,-0.5817896
1575,1.0,1.1197839e-16,0.06720947
1576,1.0,1.7550814e-15,-1.1589582
1577,1.0,6.462029e-16,-0.14016983
1578,1.0,1.0807676e-14,-1.0011389
1579,1.0,1.6188494e-16,0.9570801
1580,1.0,1.6284132e-15,-1.6419293
1581,1.0,6.511842e-16,0.17670155
1582,1.0,1.0708767e-15,-0.17440893
1583,1.0,2.4623574e-15,-1.4674582
1584,1.0,1.2614834e-15,0.18955097
1585,1.0,3.0586476e-16,1.6080459
1586,1.0,1.3322294e-15,3.152939
1587,1.0,1.9389065e-16,-1.4469382
1588,1.0,2.095779e-15,0.48018217
1589,1.0,1.6418801e-15,0.8283201
1590,1.0,5.5833638e-15,0.17613542
1591,1.0,2.1654927e-15,-0.9065152
1592,1.0,8.1657793e-16,0.5788757
1593,1.0,1.1479548e-14,-0.9222169
1594,1.0,1.5492972e-15,0.8955466
1595,1.0,5.8487456e-16,0.30124506
1596,1.0,2.8461265e-16,0.88460135
1597,1.0,2.2061655e-15,-1.1574637
1598,1.0,3.278497e-16,-2.0123975
1599,1.0,3.1965838e-15,-1.0929576
1600,1.0,2.4678575e-16,0.8553596
1601,1.0,8.914939e-16,0.6382377
1602,1.0,2.2273227e-15,0.8588268
1603,1.0,1.0887866e-15,-1.8130046
1604,1.0,6.663241e-16,1.8292522
1605,1.0,1.3049377e-15,1.4417555
1606,1.0,9.772151e-16,0.33202094
1607,1.0,1.0456151e-15,0.5164625
1608,1.0,1.6504895e-15,0.16385324
1609,1.0,4.8919786e-15,-0.7932398
1610,1.0,4.9406055e-16,-0.073003344
1611,1.0,1.0236636e-15,0.7082574
1612,1.0,1.29847305e-14,-1.4776368
1613,1.0,8.030415e-16,-0.34905866
1614,1.0,7.979115e-16,0.1734717
1615,1.0,1.6382951e-15,1.8886584
1616,1.0,4.2182251e-16,-0.00042272534
1617,1.0,1.6005768e-14,-1.7038124
1618,1.0,3.7851344e-15,-1.275245
1619,1.0,9.566888e-16,-0.38628578
1620,1.0,6.4721936e-16,-0.73940635
1621,1.0,5.6225814e-16,2.6944025
1622,1.0,3.8462212e-16,0.27998087
1623,1.0,9.360327e-16,-0.14266069
1624,1.0,3.2193452e-15,-0.6045587
1625,1.0,8.056807e-15,-1.33823
1626,1.0,1.517767e-15,0.061597236
1627,1.0,1.6976346e-15,-0.24903597
1628,1.0,1.2254547e-15,-0.7388693
1629,1.0,1.3205767e-15,-0.23268728
1630,1.0,1.676481e-15,1.2949497
1631,1.0,4.0278716e-15,-0.71580184
1632,1.0,3.4113756e-15,0.26366645
1633,1.0,2.9657093e-15,-0.58655465
1634,1.0,8.954749e-16,-0.13872166
1635,1.0,2.7291408e-14,0.9425082
1636,1.0,1.7471656e-15,-0.30296043
1637,1.0,3.0876974e-16,0.34748846
1638,1.0,1.441198e-15,0.2667628
1639,1.0,1.2237029e-15,-1.8634212
1640,1.0,7.965646e-15,-0.9048539
1641,1.0,9.002151e-16,1.1206467
1642,1.0,5.298942e-15,-1.4192615
1643,1.0,3.6676267e-16,0.8511581
1644,1.0,7.7563135e-16,1.2555095
1645,1.0,2.4019612e-15,-2.506303
1646,1.0,1.1634859e-15,-0.23607488
1647,1.0,5.904295e-16,-0.51089364
1648,1.0,7.520836e-15,1.093657
1649,1.0,1.1082469e-15,2.2209127
1650,1.0,1.572135e-15,-0.5841761
1651,1.0,1.3253559e-15,-0.2009028
1652,1.0,1.7520913e-15,-0.22223972
1653,1.0,2.2668385e-15,-0.2651165
1654,1.0,1.1008858e-15,-0.2394878
1655,1.0,4.26593e-16,2.4083714
1656,1.0,5.0370895e-16,-0.121112704
1657,1.0,5.25063e-15,0.88323116
1658,1.0,3.78688e-16,0.121812075
1659,1.0,7.655317e-15,-1.0446678
1660,1.0,1.0519322e-15,-1.0594988
1661,1.0,2.547128e-16,-0.1558735
1662,1.0,8.4495147e-16,1.089259
1663,1.0,4.2499167e-15,1.0344871
1664,1.0,8.894218e-16,-0.020000877
1665,1.0,2.2389594e-15,-0.72311485
1666,1.0,3.8795553e-15,-1.0883356
1667,1.0,1.4280855e-15,-0.45905614
1668,1.0,4.2952427e-15,-0.7659771
1669,1.0,9.7068e-16,-0.60219383
1670,1.0,2.9308894e-15,-3.3524108
1671,1.0,1.625459e-15,0.33729437
1672,1.0,6.58629e-16,0.6283019
1673,1.0,1.6506532e-15,-0.63476163
1674,1.0,1.699059e-16,0.08507848
1675,1.0,4.914309e-16,-0.6152217
1676,1.0,1.2352161e-16,-0.07927452
1677,1.0,7.8597865e-16,1.2368797
1678,1.0,5.243782e-16,1.5615329
1679,1.0,1.920248e-15,-1.2895241
1680,1.0,1.069913e-15,-2.1167996
1681,1.0,2.8350738e-16,0.68156207
1682,1.0,9.21552e-17,0.4258699
1683,1.0,8.504293e-16,0.67032975
1684,1.0,1.4162587e-15,0.016295198
1685,1.0,3.7331812e-15,1.3608155
1686,1.0,4.9980073e-15,-0.6233914
1687,1.0,1.3985845e-15,0.784551
1688,1.0,2.221417e-15,-1.0317739
1689,1.0,8.376983e-16,-0.4293327
1690,1.0,6.205187e-16,0.47086674
1691,1.0,2.9406872e-16,0.68246
1692,1.0,2.6529133e-15,-0.39959443
1693,1.0,2.5112104e-15,-0.3211796
1694,1.0,7.978506e-16,1.4620793
1695,1.0,1.2427458e-15,1.0259517
1696,1.0,4.593766e-15,-0.099689215
1697,1.0,1.8061783e-15,0.086263634
1698,1.0,1.9373327e-15,0.6129269
1699,1.0,9.529985e-17,1.3113952
1700,1.0,1.830944e-15,1.7948843
1701,1.0,2.2808209e-15,0.08706757
1702,1.0,2.8380076e-15,-0.04980708
1703,1.0,1.0210895e-15,-1.6178186
1704,1.0,2.6742814e-15,0.42491868
1705,1.0,2.8556752e-16,0.9082469
1706,1.0,8.069941e-15,1.0642873
1707,1.0,2.341688e-15,2.2478094
1708,1.0,1.7808312e-14,1.0597309
1709,1.0,5.4658553e-15,1.217394
1710,1.0,2.1119265e-15,0.7835178
1711,1.0,2.9771124e-15,1.8629978
1712,1.0,3.6311413e-15,-0.9850726
1713,1.0,4.192304e-15,0.28361103
1714,1.0,3.6314304e-16,-0.48463103
1715,1.0,2.890981e-15,0.9193126
1716,1.0,2.991489e-16,1.1473941
1717,1.0,7.97665e-16,2.5066218
1718,1.0,1.5835159e-16,0.35656732
1719,1.0,7.7142943e-16,0.26263645
1720,1.0,9.171406e-16,-1.0664321
1721,1.0,6.1816554e-16,-0.7444012
1722,1.0,8.332046e-16,-0.21067862
1723,1.0,3.7628914e-15,-0.8551617
1724,1.0,4.983992e-16,-0.33923385
1725,1.0,8.935981e-16,0.9256051
1726,1.0,1.0308661e-15,0.7322176
1727,1.0,3.7708215e-16,-1.3996992
1728,1.0,2.4116381e-15,-0.6270288
1729,1.0,9.441378e-15,0.2757824
1730,1.0,6.7695916e-16,-0.5381695
1731,1.0,2.0330197e-15,-0.1662604
1732,1.0,3.3745013e-15,-1.4445956
1733,1.0,7.0740677e-16,1.5816518
1734,1.0,1.6959581e-15,-0.79106903
1735,1.0,1.4497336e-15,-0.17558986
1736,1.0,1.3225725e-16,1.2645022
1737,1.0,2.524878e-16,2.425982
1738,1.0,1.1434526e-15,-0.35865995
1739,1.0,5.868099e-16,1.3728603
1740,1.0,4.460244e-14,0.0708221
1741,1.0,2.8308714e-15,0.12178347
1742,1.0,2.4047115e-15,-0.51000845
1743,1.0,1.4841471e-15,-1.0276648
1744,1.0,2.0400583e-15,-0.7922054
1745,1.0,2.7136905e-16,-0.18777487
1746,1.0,1.5088998e-15,-0.35678875
1747,1.0,1.4578693e-15,-1.1937748
1748,1.0,3.1777388e-15,-1.0648613
1749,1.0,5.934825e-16,-0.1957146
1750,1.0,1.4797828e-15,-1.2664938
1751,1.0,2.0515614e-15,0.81197965
1752,1.0,1.2761684e-15,0.5027729
1753,1.0,1.5740673e-15,-0.7868106
1754,1.0,1.0030986e-15,-2.2211149
1755,1.0,3.0771282e-15,0.043271102
1756,1.0,2.792879e-15,-0.007659009
1757,1.0,8.468941e-16,1.822047
1758,1.0,8.461772e-16,-0.9897343
1759,1.0,1.8839406e-15,0.16802146
1760,1.0,3.9055239e-16,2.0776632
1761,1.0,3.0591508e-15,1.1648972
1762,1.0,6.049478e-16,-0.74072665
1763,1.0,1.9277406e-16,-1.4256326
1764,1.0,6.1154196e-16,-0.7569396
1765,1.0,2.2794986e-15,-1.2943702
1766,1.0,7.5217505e-16,-1.1272159
1767,1.0,1.363806e-16,-0.4600229
1768,1.0,1.2595174e-14,-0.90833515
1769,1.0,7.272023e-17,2.40499
1770,1.0,3.37333e-15,-0.10261084
1771,1.0,1.1494178e-15,-0.42332911
1772,1.0,1.9145649e-15,-0.45997763
1773,1.0,7.112789e-16,0.23565516
1774,1.0,2.3247846e-16,1.8621001
1775,1.0,1.0124943e-15,-0.7444058
1776,1.0,1.2468301e-14,-0.33205923
1777,1.0,4.004567e-16,0.12696446
1778,1.0,8.492784e-16,-0.14970715
1779,1.0,4.576171e-15,-0.14112078
1780,1.0,5.4789416e-16,0.52625585
1781,1.0,1.2589164e-15,0.44093058
1782,1.0,2.2319496e-15,1.3045546
1783,1.0,2.0979069e-15,2.443401
1784,1.0,4.2553006e-16,0.0020087382
1785,1.0,2.5656175e-16,-0.32479027
1786,1.0,1.3063821e-15,0.08888955
1787,1.0,2.030221e-16,0.54507005
1788,1.0,4.239794e-16,-0.13694714
1789,1.0,6.288546e-15,0.7845181
1790,1.0,4.1359115e-16,-0.84956163
1791,1.0,1.369437e-15,-0.1473557
1792,1.0,1.361774e-15,0.50466555
1793,1.0,2.8447805e-16,-0.7207185
1794,1.0,1.2644416e-15,-0.74335146
1795,1.0,2.9263536e-15,0.26926875
1796,1.0,2.041919e-15,0.06314873
1797,1.0,1.804614e-16,-0.7332377
1798,1.0,9.048807e-15,-0.40728
1799,1.0,6.9762534e-16,-0.5062771
1800,1.0,1.8750646e-15,-1.7395638
1801,1.0,4.925551e-16,0.76714766
1802,1.0,9.190844e-16,0.57547224
1803,1.0,4.966041e-15,-0.6951576
1804,1.0,1.4472022e-16,-0.3787172
1805,1.0,9.098264e-16,1.8698428
1806,1.0,1.15367e-15,0.88433254
1807,1.0,2.8258004e-15,0.51273817
1808,1.0,6.345654e-16,-0.26614016
1809,1.0,4.0684986e-16,0.25604334
1810,1.0,8.5546e-15,-0.44235787
1811,1.0,3.7506225e-16,-0.85642713
1812,1.0,7.2325756e-16,0.3083047
1813,1.0,4.759699e-15,-0.62104744
1814,1.0,1.7679832e-15,0.06813157
1815,1.0,2.3943682e-15,0.342648
1816,1.0,1.0992953e-15,0.3044275
1817,1.0,7.1550525e-16,3.210473
1818,1.0,5.4069776e-16,1.8755602
1819,1.0,1.3996093e-15,1.2671552
1820,1.0,3.4414381e-15,0.42102623
1821,1.0,1.8978476e-15,0.3254477
1822,1.0,5.5222745e-15,-0.25466445
1823,1.0,4.0099016e-16,0.9187269
1824,1.0,1.7302856e-15,-1.6807331
1825,1.0,6.929414e-16,-0.09922986
1826,1.0,5.596136e-15,0.20017305
1827,1.0,6.4716996e-16,0.1307873
1828,1.0,1.5534753e-15,-0.60580105
1829,1.0,3.0342197e-16,0.09893972
1830,1.0,1.230312e-15,1.5114945
1831,1.0,5.8769925e-16,1.0303291
1832,1.0,1.0133598e-15,-0.20879245
1833,1.0,3.0029355e-15,-2.4049165
1834,1.0,5.6887283e-16,0.76750106
1835,1.0,5.6056196e-16,-1.326455
1836,1.0,4.2250856e-16,-0.061557632
1837,1.0,6.241033e-16,0.43394622
1838,1.0,4.9787093e-16,0.6875815
1839,1.0,2.3352907e-16,-1.087489
1840,1.0,1.4036835e-15,1.1363199
1841,1.0,5.509752e-16,0.27322578
1842,1.0,2.3543072e-16,-0.25262442
1843,1.0,2.89344e-16,1.6299775
1844,1.0,6.531496e-16,1.6214315
1845,1.0,1.4104896e-15,0.05238246
1846,1.0,4.6642007e-16,1.6415757
1847,1.0,3.5619955e-15,-0.03359812
1848,1.0,2.6871972e-15,-0.6339235
1849,1.0,9.109481e-16,-1.7944773
1850,1.0,3.4557626e-16,0.35836846
1851,1.0,5.9635588e-15,-0.75099367
1852,1.0,5.633641e-15,-1.5769374
1853,1.0,1.459934e-15,-0.31156382
1854,1.0,4.0915334e-16,1.2247009
1855,1.0,1.3788252e-15,-0.6865098
1856,1.0,1.1880912e-15,1.3933084
1857,1.0,5.244422e-16,-0.14403823
1858,1.0,1.175796e-15,0.1883733
1859,1.0,3.7415055e-16,1.2294183
1860,1.0,5.8754906e-16,-2.2232041
1861,1.0,2.2038525e-15,-1.291213
1862,1.0,3.5095286e-15,0.1364233
1863,1.0,4.7377417e-16,0.8918907
1864,1.0,6.590487e-16,0.3307569
1865,1.0,1.9862431e-15,-0.6007679
1866,1.0,2.9813173e-15,-2.1331286
1867,1.0,5.0040144e-16,-0.47052172
1868,1.0,7.311808e-15,0.3259929
1869,1.0,3.3771267e-16,1.1601373
1870,1.0,3.0863918e-15,-1.2375345
1871,1.0,3.990994e-16,-0.94901586
1872,1.0,1.1648581e-15,-0.98359156
1873,1.0,1.7675449e-15,-0.023250207
1874,1.0,4.8198665e-15,0.9114522
1875,1.0,1.12352475e-14,-0.6609604
1876,1.0,9.002631e-16,-0.11644827
1877,1.0,1.9681414e-15,-2.5247667
1878,1.0,1.2533824e-14,-0.39246124
1879,1.0,5.3779757e-15,-0.4049496
1880,1.0,3.631058e-15,0.33114633
1881,1.0,2.8326213e-15,-0.29231146
1882,1.0,1.8538405e-16,0.76738393
1883,1.0,5.665902e-16,0.3765109
1884,1.0,7.45932e-15,-0.5757596
1885,1.0,3.0152408e-15,-0.4376274
1886,1.0,1.87005e-15,0.89285517
1887,1.0,3.0597577e-15,1.0319922
1888,1.0,3.4869494e-15,-0.80382615
1889,1.0,1.8502948e-15,-0.68439317
1890,1.0,2.3237485e-15,1.1621801
1891,1.0,7.0000317e-16,-2.5424051
1892,1.0,5.968927e-16,-0.13797261
1893,1.0,7.781508e-15,-0.0008443224
1894,1.0,5.7475603e-15,-1.6444519
1895,1.0,4.128568e-15,-1.5402325
1896,1.0,2.4843032e-15,1.7907774
1897,1.0,9.713726e-16,0.52053607
1898,1.0,1.40661095e-14,-0.19834292
1899,1.0,1.8370167e-15,-1.9074658
1900,1.0,1.9267492e-15,-0.69323415
1901,1.0,1.1518142e-15,-1.5227677
1902,1.0,1.6260234e-15,-0.5373931
1903,1.0,9.352153e-16,-1.0263635
1904,1.0,3.868204e-16,0.62022465
1905,1.0,8.944809e-17,1.7329679
1906,1.0,6.060961e-15,-1.0038406
1907,1.0,1.2854516e-15,0.5151093
1908,1.0,2.3609366e-15,-0.7796259
1909,1.0,5.2513486e-16,1.1672146
1910,1.0,6.464917e-15,-0.5660344
1911,1.0,2.9501816e-16,1.0417186
1912,1.0,2.783167e-16,0.4222607
1913,1.0,3.628704e-15,-1.3931082
1914,1.0,9.53901e-16,-2.1823149
1915,1.0,7.725397e-16,-0.6047374
1916,1.0,3.9466518e-15,0.7479346
1917,1.0,1.2977792e-15,-0.38058025
1918,1.0,4.554124e-15,-0.5241455
1919,1.0,3.9696326e-15,0.15398178
1920,1.0,3.5335208e-15,-0.5128958
1921,1.0,2.0966107e-15,-1.8913325
1922,1.0,3.9536719e-16,-0.35119742
1923,1.0,1.4306638e-16,-1.1296109
1924,1.0,4.99446e-16,-0.32457462
1925,1.0,3.1930739e-15,0.7800055
1926,1.0,3.7411058e-16,-0.9404685
1927,1.0,3.6731713e-16,0.64457417
1928,1.0,7.9651257e-16,-0.8776584
1929,1.0,4.364196e-16,-0.49537057
1930,1.0,3.9292414e-15,-0.2288638
1931,1.0,1.0672471e-15,1.2124513
1932,1.0,1.2168368e-15,-0.20524244
1933,1.0,3.3235392e-16,1.2703378
1934,1.0,9.934872e-15,0.3299363
1935,1.0,2.3729284e-14,0.4343086
1936,1.0,1.169462e-15,1.4145263
1937,1.0,1.0797322e-16,0.8253257
1938,1.0,2.334774e-16,0.74391556
1939,1.0,7.46128e-16,-0.28000373
1940,1.0,1.2443397e-15,-0.7189121
1941,1.0,5.361422e-16,1.3269522
1942,1.0,1.4539316e-15,-1.6773258
1943,1.0,1.0924644e-15,1.3552887
1944,1.0,1.0630052e-15,-0.61964846
1945,1.0,6.6982857e-15,1.4166539
1946,1.0,6.936105e-16,1.0701982
1947,1.0,1.01536076e-14,-0.7886274
1948,1.0,1.4485728e-15,0.3944459
1949,1.0,7.260468e-16,0.42443383
1950,1.0,2.380896e-16,0.16079815
1951,1.0,1.7890352e-15,-0.38745373
1952,1.0,2.017853e-15,0.3175559
1953,1.0,1.791726e-15,0.5210151
1954,1.0,7.754365e-15,0.30780017
1955,1.0,1.230613e-14,-0.38162497
1956,1.0,4.6212906e-15,-0.027592005
1957,1.0,8.7393736e-16,-0.05681489
1958,1.0,4.7410704e-15,-1.6938787
1959,1.0,3.573087e-15,1.5232058
1960,1.0,5.126356e-16,0.89766973
1961,1.0,1.6838902e-15,0.6991132
1962,1.0,5.0256694e-16,1.137181
1963,1.0,7.7624446e-15,-0.08637527
1964,1.0,2.332096e-15,-0.38259512
1965,1.0,8.977253e-16,0.28661826
1966,1.0,1.3474706e-15,1.6822214
1967,1.0,1.2475426e-16,-0.12062786
1968,1.0,2.8361988e-16,-0.3683778
1969,1.0,3.6378515e-15,-0.30199423
1970,1.0,1.8601887e-15,-0.92067534
1971,1.0,3.9528897e-15,0.45151952
1972,1.0,1.453012e-14,-0.23545936
1973,1.0,1.7415229e-15,0.09520968
1974,1.0,1.166548e-15,0.9821935
1975,1.0,3.4406768e-15,0.28277633
1976,1.0,2.0495982e-15,-1.6573913
1977,1.0,1.357635e-15,-0.04336542
1978,1.0,7.8783376e-16,0.06601609
1979,1.0,9.247465e-16,-0.8201376
1980,1.0,1.1967611e-15,0.72827697
1981,1.0,8.8927634e-15,-0.52923566
1982,1.0,2.0910516e-15,0.08207842
1983,1.0,3.66223e-16,1.2124342
1984,1.0,2.0776617e-15,0.6615287
1985,1.0,2.1397903e-15,1.1850829
1986,1.0,1.3446362e-15,-1.147073
1987,1.0,3.4976737e-15,-1.1949203
1988,1.0,6.664893e-16,0.76106566
1989,1.0,1.7088424e-15,-1.5689052
1990,1.0,9.815527e-16,0.99082273
1991,1.0,5.372805e-16,0.566285
1992,1.0,1.16065825e-14,-0.09647877
1993,1.0,2.8469641e-15,0.112772204
1994,1.0,6.1024626e-16,2.198866
1995,1.0,3.2099641e-15,0.42802
1996,1.0,3.5924925e-16,0.3253083
1997,1.0,9.51085e-16,-2.2052374
1998,1.0,2.0251092e-15,2.0966914
1999,1.0,1.309995e-15,-0.8323006
2000,1.0,9.668182e-16,1.4145007
2001,1.0,2.3681165e-15,1.6318041
2002,1.0,4.6262976e-16,-2.4659228
2003,1.0,1.9318272e-15,0.73131365
2004,1.0,4.3390467e-16,1.6104128
2005,1.0,4.5610607e-15,-0.30318353
2006,1.0,1.3472136e-15,-1.2345617
2007,1.0,3.3899307e-16,2.0029721
2008,1.0,8.918204e-16,-0.45180354
2009,1.0,1.1768371e-15,0.14122853
2010,1.0,1.0290587e-15,0.23545735
2011,1.0,5.6377687e-15,-1.2570121
2012,1.0,4.795216e-16,1.0600522
2013,1.0,1.2382644e-15,0.15117763
2014,1.0,9.637435e-16,0.15843354
2015,1.0,1.8148877e-15,-0.7484444
2016,1.0,3.0393069e-15,1.5754497
2017,1.0,2.496387e-15,-0.7409408
2018,1.0,7.98752e-16,0.51378196
2019,1.0,6.066556e-16,0.08343908
2020,1.0,2.2910933e-15,-1.8022461
2021,1.0,3.9558463e-15,0.48193285
2022,1.0,4.9667963e-16,-0.4242637
2023,1.0,1.2048643e-15,-0.26722825
2024,1.0,7.6318696e-16,0.9986826
2025,1.0,1.2329947e-15,-1.0910923
2026,1.0,3.678626e-16,2.1795533
2027,1.0,2.1576828e-16,0.27393085
2028,1.0,2.3944777e-15,0.09122783
2029,1.0,1.7558649e-15,0.3743562
2030,1.0,6.273113e-16,0.38145545
2031,1.0,1.436664e-15,-1.7059287
2032,1.0,6.841529e-16,2.7674787
2033,1.0,3.654041e-15,1.7956734
2034,1.0,1.0239448e-15,0.7418328
2035,1.0,7.561715e-15,-0.8901929
2036,1.0,3.560501e-15,-0.17568909
2037,1.0,2.4701662e-15,0.94406
2038,1.0,1.0026437e-14,-0.11867454
2039,1.0,1.4927776e-15,-0.40747878
2040,1.0,3.8626176e-15,-0.8273008
2041,1.0,1.6900496e-14,-0.56035215
2042,1.0,1.6479165e-15,1.5823823
2043,1.0,5.9236963e-16,-1.5614809
2044,1.0,1.9225128e-15,-1.0918105
2045,1.0,1.2468723e-15,2.1133254
2046,1.0,1.5989284e-15,-0.746012
2047,1.0,2.0488867e-15,0.4575306
2048,1.0,3.565435e-15,0.7551744
2049,1.0,1.5972398e-15,-0.7269092
2050,1.0,6.165194e-16,-1.4732224
2051,1.0,4.942983e-15,-1.7022506
2052,1.0,2.2779588e-16,-0.16470116
2053,1.0,3.3393612e-16,-2.243637
2054,1.0,1.163815e-14,0.86854815
2055,1.0,9.303086e-16,1.4381012
2056,1.0,6.0039125e-16,1.4549115
2057,1.0,1.1031517e-15,0.28741398
2058,1.0,1.6143484e-15,-1.4515042
2059,1.0,1.5114461e-15,-0.80579025
2060,1.0,5.945384e-16,-1.0095476
2061,1.0,4.560815e-16,0.7231608
2062,1.0,8.5164997e-16,0.24264975
2063,1.0,3.2735746e-15,-0.14728338
2064,1.0,2.3957933e-15,0.71114326
2065,1.0,1.3404725e-15,0.9781118
2066,1.0,5.72384e-16,-1.7961699
2067,1.0,2.3793266e-15,0.68842673
2068,1.0,5.353002e-16,1.0187993
2069,1.0,5.727837e-16,0.8799449
2070,1.0,5.573575e-15,1.4049157
2071,1.0,5.8320807e-16,1.1817179
2072,1.0,5.4727404e-15,-0.38293844
2073,1.0,5.0987985e-16,-0.58615196
2074,1.0,3.2974755e-15,2.9467723
2075,1.0,2.751216e-15,0.07402188
2076,1.0,1.91934e-15,-2.472927
2077,1.0,8.439758e-15,1.0904647
2078,1.0,6.026908e-15,-0.24090166
2079,1.0,1.0586751e-15,-0.7173386
2080,1.0,9.1882195e-15,-0.4325183
2081,1.0,4.2873176e-16,1.0347102
2082,1.0,1.7743817e-15,0.14584033
2083,1.0,6.993226e-16,-2.4331126
2084,1.0,1.1115875e-15,0.7412952
2085,1.0,7.015617e-16,0.8765234
2086,1.0,5.184153e-16,-1.2430123
2087,1.0,1.9822606e-16,2.6242702
2088,1.0,2.3032386e-15,0.3264746
2089,1.0,9.340424e-16,-1.06933
2090,1.0,1.6627882e-14,-0.6317717
2091,1.0,4.3496365e-16,-0.37654227
2092,1.0,7.362323e-16,-1.7775143
2093,1.0,3.9589863e-15,-0.9257678
2094,1.0,5.444671e-15,0.8539486
2095,1.0,5.9164726e-15,-1.6764672
2096,1.0,7.8040375e-16,0.89290273
2097,1.0,1.382628e-15,-0.14302014
2098,1.0,4.2469004e-16,0.1654693
2099,1.0,2.517146e-16,-0.049519043
2100,1.0,1.5652652e-15,-1.2329627
2101,1.0,5.961531e-16,-0.70093125
2102,1.0,5.763698e-15,-2.071139
2103,1.0,7.0397213e-15,0.5863887
2104,1.0,2.9238542e-15,1.7328252
2105,1.0,6.52888e-16,-1.2376856
2106,1.0,6.948287e-16,1.3176702
2107,1.0,6.1866833e-15,3.0213382
2108,1.0,2.194507e-15,-1.0941206
2109,1.0,8.8242955e-16,0.5614922
2110,1.0,2.8280435e-15,0.6300592
2111,1.0,2.0165678e-15,0.30568638
2112,1.0,6.368886e-16,1.876713
2113,1.0,1.2460925e-15,0.22266784
2114,1.0,2.2543689e-15,0.6032308
2115,1.0,1.8156485e-16,0.15649992
2116,1.0,1.7732796e-14,-0.27888682
2117,1.0,9.360898e-16,-0.054679427
2118,1.0,2.2299315e-16,0.98319113
2119,1.0,8.2864656e-16,0.22916754
2120,1.0,2.0228856e-15,-2.9366944
2121,1.0,1.0085584e-15,0.5825825
2122,1.0,7.854305e-15,-1.7295051
2123,1.0,7.467548e-15,-0.7839799
2124,1.0,6.0226795e-15,0.06687092
2125,1.0,1.8879405e-15,1.2929481
2126,1.0,4.2306013e-16,-0.08597625
2127,1.0,9.607995e-16,-0.46380708
2128,1.0,8.6570854e-16,-0.15438527
2129,1.0,2.2946956e-16,-0.012589582
2130,1.0,1.3413881e-15,-1.1401939
2131,1.0,1.0215453e-15,0.3049214
2132,1.0,8.786306e-16,-0.50172937
2133,1.0,1.8146108e-15,-1.3145498
2134,1.0,3.8161442e-16,0.33561537
2135,1.0,1.085966e-15,2.5100007
2136,1.0,1.5553727e-15,0.6512465
2137,1.0,2.8074702e-15,0.34686226
2138,1.0,1.8302308e-16,1.3240567
2139,1.0,7.047725e-16,0.8257478
2140,1.0,2.277542e-16,0.09966963
2141,1.0,3.558232e-16,-1.3615644
2142,1.0,9.335579e-16,0.34287068
2143,1.0,1.3974859e-15,0.10933298
2144,1.0,7.88772e-16,1.9530101
2145,1.0,1.5364607e-15,-1.1129358
2146,1.0,6.5879766e-15,-2.2506895
2147,1.0,2.9534372e-15,-1.4296414
2148,1.0,3.6190669e-16,2.248632
2149,1.0,2.6694182e-16,0.13965477
2150,1.0,8.2417e-16,2.4176102
2151,1.0,7.7995434e-16,0.84537095
2152,1.0,3.5539605e-15,-1.1073383
2153,1.0,3.1265399e-15,0.27974164
2154,1.0,4.000719e-16,1.6607445
2155,1.0,1.1014949e-15,0.28866085
2156,1.0,1.2052926e-14,-0.110015094
2157,1.0,1.1094058e-15,0.20515154
2158,1.0,1.6046477e-15,-0.20575878
2159,1.0,3.4069653e-16,-0.41013947
2160,1.0,1.1914725e-15,1.0254287
2161,1.0,1.817153e-15,1.2159654
2162,1.0,2.9554547e-15,-0.50138104
2163,1.0,5.860806e-16,-0.12796186
2164,1.0,6.3242434e-16,0.42909357
2165,1.0,1.4466779e-16,1.6700542
2166,1.0,5.054181e-16,0.66515887
2167,1.0,4.5520546e-16,0.18322088
2168,1.0,8.6393035e-16,-0.6111383
2169,1.0,4.1813133e-16,-0.54957235
2170,1.0,8.860692e-16,-0.69924724
2171,1.0,4.5728704e-16,0.28829047
2172,1.0,7.819861e-16,1.7816825
2173,1.0,2.0815013e-15,-1.2060947
2174,1.0,1.4597064e-14,-2.0588906
2175,1.0,1.07892634e-14,0.9608136
2176,1.0,5.7417065e-16,0.91160804
2177,1.0,1.045284e-15,1.4694464
2178,1.0,3.031433e-15,-0.735883
2179,1.0,1.166717e-15,1.3807765
2180,1.0,7.8408003e-16,-2.341921
2181,1.0,3.2231423e-15,-1.7154739
2182,1.0,7.3599365e-16,-0.42824057
2183,1.0,8.812892e-16,0.64960504
2184,1.0,2.1627352e-15,-1.3757097
2185,1.0,7.63318e-16,-0.38630843
2186,1.0,4.7216655e-16,0.54286706
2187,1.0,9.299963e-16,-0.021216014
2188,1.0,2.2827781e-16,0.74117064
2189,1.0,1.527595e-15,-0.11920711
2190,1.0,3.7517673e-16,0.11087959
2191,1.0,1.9897458e-16,0.63507074
2192,1.0,1.2339117e-16,-0.7203923
2193,1.0,7.81345e-16,1.2200884
2194,1.0,4.962857e-16,0.88468325
2195,1.0,3.8929846e-16,-0.351309
2196,1.0,9.423094e-16,1.333304
2197,1.0,3.9634723e-16,-1.2686133
2198,1.0,2.5432932e-16,-0.654001
2199,1.0,2.4659564e-16,0.44439885
2200,1.0,5.0811294e-16,-1.9739759
2201,1.0,5.707947e-15,-1.6922652
2202,1.0,8.797105e-16,-0.2010058
2203,1.0,5.16741e-16,-2.5857685
2204,1.0,1.7489928e-15,-1.8405458
2205,1.0,7.242211e-16,-0.106731795
2206,1.0,1.1430339e-15,-0.20188102
2207,1.0,1.4902223e-16,0.95038646
2208,1.0,1.9425276e-15,-1.5464597
2209,1.0,1.8928298e-15,-0.5951341
2210,1.0,7.2205017e-16,-0.13624667
2211,1.0,2.1410968e-15,-0.062274687
2212,1.0,7.327021e-16,1.2079151
2213,1.0,1.3292692e-16,1.3701963
2214,1.0,2.376188e-15,-0.5452398
2215,1.0,5.903259e-16,1.7936342
2216,1.0,3.3124388e-16,-0.3384875
2217,1.0,1.8361819e-16,0.7829106
2218,1.0,8.288805e-16,-1.0567456
2219,1.0,6.499189e-15,0.4890551
2220,1.0,2.1507153e-15,0.97713315
2221,1.0,2.1322695e-15,0.19016558
2222,1.0,1.1572579e-15,-0.88024056
2223,1.0,2.758729e-16,0.32377285
2224,1.0,8.449615e-15,-1.8480309
2225,1.0,1.2912606e-15,-0.6173225
2226,1.0,4.962365e-16,0.6165494
2227,1.0,8.972118e-16,-1.0499907
2228,1.0,1.3502595e-15,-0.77187496
2229,1.0,3.7414197e-16,-0.21505515
2230,1.0,2.4305237e-16,0.2399465
2231,1.0,1.774869e-15,0.0063319188
2232,1.0,3.8164062e-16,1.1660398
2233,1.0,5.6437694e-16,-0.46219528
2234,1.0,4.8883974e-15,-1.2905821
2235,1.0,1.3236179e-15,-0.8615942
2236,1.0,1.3715857e-15,-0.8217721
2237,1.0,9.290284e-16,1.2228694
2238,1.0,4.2110086e-15,-1.2000645
2239,1.0,4.744741e-16,-0.08221545
2240,1.0,2.6033574e-16,-0.017194612
2241,1.0,2.4371343e-16,1.0050969
2242,1.0,2.584103e-16,1.039725
2243,1.0,1.2707719e-14,-0.94553983
2244,1.0,6.825732e-16,0.13217773
2245,1.0,1.058336e-15,-0.25493482
2246,1.0,8.630245e-16,-0.4310574
2247,1.0,1.3049881e-14,0.7687117
2248,1.0,4.341168e-15,-0.5865407
2249,1.0,7.619623e-16,-0.1349537
2250,1.0,3.125954e-16,1.5027503
2251,1.0,1.3726169e-15,-1.6566237
2252,1.0,1.0696687e-14,0.107413925
2253,1.0,1.3449594e-15,-0.6394296
2254,1.0,7.0942816e-16,-1.4411259
2255,1.0,1.9260437e-15,0.18753794
2256,1.0,6.740605e-15,-0.7070827
2257,1.0,1.9406157e-16,1.5620402
2258,1.0,1.1995171e-15,0.5208619
2259,1.0,7.620059e-16,-2.3162258
2260,1.0,2.764544e-16,0.75093573
2261,1.0,9.0833127e-17,-0.22902949
2262,1.0,1.8624395e-15,-0.753005
2263,1.0,4.4590403e-16,1.1575072
2264,1.0,5.8388505e-15,-1.288888
2265,1.0,1.1897654e-14,1.2730044
2266,1.0,3.8979032e-16,0.08231069
2267,1.0,1.080306e-14,0.39034933
2268,1.0,2.1217862e-15,0.4736605
2269,1.0,6.290462e-16,0.15724112
2270,1.0,1.081526e-15,1.8721038
2271,1.0,1.6599291e-15,-0.14224161
2272,1.0,8.5619086e-16,-1.4142232
2273,1.0,1.5832569e-15,0.5608701
2274,1.0,1.7369782e-15,-0.26252833
2275,1.0,1.9746907e-16,1.3036166
2276,1.0,6.6637014e-15,-0.8326272
2277,1.0,2.709739e-16,-0.45163122
2278,1.0,1.0921228e-15,-0.39737475
2279,1.0,1.9107917e-16,0.07178385
2280,1.0,7.1535786e-16,1.2674985
2281,1.0,2.7402077e-15,-0.94617087
2282,1.0,2.3378143e-15,-1.596284
2283,1.0,1.218286e-15,1.0080662
2284,1.0,4.050875e-16,0.94263405
2285,1.0,4.899484e-16,0.48060182
2286,1.0,2.2043557e-16,0.18165302
2287,1.0,4.982053e-16,-1.8620912
2288,1.0,1.5743126e-16,0.84996504
2289,1.0,2.1553958e-16,-1.1340452
2290,1.0,4.6685644e-15,0.8604512
2291,1.0,6.3150613e-15,-0.30566204
2292,1.0,4.1936294e-16,0.6597898
2293,1.0,1.7537304e-14,-2.0632513
2294,1.0,7.106687e-16,-0.7054407
2295,1.0,9.393557e-16,0.026995905
2296,1.0,2.0567175e-15,2.0776918
2297,1.0,5.205575e-16,-0.6314046
2298,1.0,7.601304e-16,-0.8891197
2299,1.0,1.1236436e-16,-0.6717163
2300,1.0,4.221205e-15,-0.61976004
2301,1.0,2.4454519e-15,-0.032600526
2302,1.0,3.9353015e-15,-1.5537723
2303,1.0,1.974172e-15,-0.69010967
2304,1.0,7.4737e-16,0.058149077
2305,1.0,1.6614052e-15,-2.2308805
2306,1.0,2.8508114e-15,-0.22003917
2307,1.0,7.910711e-16,0.30687898
2308,1.0,2.9833294e-16,0.40468043
2309,1.0,3.2114462e-15,1.2448888
2310,1.0,2.1325134e-15,0.83350617
2311,1.0,4.1132725e-15,0.8804272
2312,1.0,8.033908e-16,-0.58127433
2313,1.0,5.443775e-16,1.1003408
2314,1.0,1.4431407e-14,0.26486215
2315,1.0,4.3938632e-16,0.20320037
2316,1.0,1.14519e-15,1.3431268
2317,1.0,4.4408429e-16,-1.6002755
2318,1.0,3.8395826e-15,1.0269654
2319,1.0,1.6764545e-16,-0.35681775
2320,1.0,7.8420606e-15,0.59094197
2321,1.0,4.515545e-16,1.0604392
2322,1.0,9.546035e-16,0.2984234
2323,1.0,5.808726e-15,-0.9436679
2324,1.0,2.2641248e-15,0.26314837
2325,1.0,1.4406482e-15,-2.624398
2326,1.0,3.095778e-15,0.8594088
2327,1.0,1.3098401e-15,-0.44191697
2328,1.0,7.8615854e-16,0.17126355
2329,1.0,7.742365e-15,-1.562273
2330,1.0,5.6869056e-16,0.67505866
2331,1.0,8.0383527e-16,0.9693175
2332,1.0,3.991544e-15,0.66824836
2333,1.0,2.1694034e-15,0.5071793
2334,1.0,2.6661416e-16,-0.3669088
2335,1.0,5.7929234e-16,-1.2506636
2336,1.0,1.6717488e-15,0.671552
2337,1.0,1.1106931e-15,1.1540799
2338,1.0,1.2504066e-15,-1.3228813
2339,1.0,1.6834094e-14,-0.27657932
2340,1.0,9.082763e-16,-1.3973324
2341,1.0,2.119513e-15,0.5232822
2342,1.0,1.6882767e-15,-1.5518692
2343,1.0,2.3271726e-15,-0.17721029
2344,1.0,4.552194e-16,-2.0777862
2345,1.0,7.337846e-16,0.41541192
2346,1.0,1.4181832e-15,-0.21259028
2347,1.0,9.317718e-16,0.10283298
2348,1.0,6.245034e-16,2.134921
2349,1.0,1.2035965e-15,-0.8540693
2350,1.0,4.7457206e-15,-0.65154034
2351,1.0,1.3947425e-16,-0.49759477
2352,1.0,2.426847e-15,1.2900971
2353,1.0,9.40844e-16,-0.5719795
2354,1.0,2.338644e-15,-1.0202909
2355,1.0,3.39261e-15,-1.5736545
2356,1.0,3.4599308e-16,-0.6052801
2357,1.0,1.1892385e-15,-0.15712611
2358,1.0,2.5541143e-16,0.8542096
2359,1.0,1.8346285e-15,0.3142403
2360,1.0,9.656134e-15,0.69325984
2361,1.0,1.4420229e-15,0.34899944
2362,1.0,1.7133724e-15,-0.085757256
2363,1.0,1.1223334e-15,-1.9428846
2364,1.0,1.3465766e-15,-0.7349998
2365,1.0,8.723852e-16,-0.06928722
2366,1.0,3.2775342e-16,-0.49906072
2367,1.0,1.0425402e-15,1.5810843
2368,1.0,1.2730912e-14,0.020165773
2369,1.0,5.808103e-16,0.7933841
2370,1.0,1.5127431e-16,-1.0860753
2371,1.0,4.0594626e-15,1.1549813
2372,1.0,8.385331e-15,0.23039627
2373,1.0,2.9215797e-15,0.38345766
2374,1.0,1.6788169e-15,0.91630894
2375,1.0,1.7708384e-15,0.62031364
2376,1.0,8.223548e-16,-0.3376508
2377,1.0,1.066271e-14,1.2887211
2378,1.0,1.03120485e-14,1.242441
2379,1.0,2.4333626e-16,0.37227193
2380,1.0,1.3161259e-15,0.65947956
2381,1.0,1.9957216e-15,-0.7316605
2382,1.0,5.480533e-15,0.8013937
2383,1.0,2.5049618e-16,0.00037845457
2384,1.0,4.4281243e-15,0.46026286
2385,1.0,7.952556e-16,0.05311733
2386,1.0,5.2913243e-16,1.2632017
2387,1.0,1.1977248e-15,-0.8627437
2388,1.0,1.2148796e-15,-0.14282906
2389,1.0,1.4193848e-15,-0.580155
2390,1.0,4.7514424e-16,-0.49431938
2391,1.0,3.2827267e-16,-0.38931802
2392,1.0,6.576925e-16,0.007824084
2393,1.0,6.10088e-16,-0.7175039
2394,1.0,3.6315688e-16,-0.23787843
2395,1.0,3.5088308e-16,-0.23254223
2396,1.0,1.6561034e-14,1.6511923
2397,1.0,1.1437323e-14,0.735563
2398,1.0,1.6688743e-16,0.7343819
2399,1.0,4.87711e-15,1.3750402
2400,1.0,5.421538e-16,-0.3994818
2401,1.0,1.1566268e-15,-1.7473314
2402,1.0,1.8446357e-15,0.52337444
2403,1.0,1.4563145e-13,0.008150884
2404,1.0,1.1797227e-15,0.05325684
2405,1.0,1.6449637e-16,0.1855001
2406,1.0,3.9826902e-16,0.06378981
2407,1.0,4.7018407e-16,1.3614113
2408,1.0,4.8106797e-16,1.6132176
2409,1.0,1.601493e-14,1.8032609
2410,1.0,1.0721305e-13,-2.0166667
2411,1.0,7.919649e-16,-0.3941564
2412,1.0,1.1748314e-16,1.4840037
2413,1.0,4.3285488e-16,-0.5844416
2414,1.0,1.456663e-15,-0.5828472
2415,1.0,3.777041e-16,-0.13440439
2416,1.0,9.467562e-15,0.76356643
2417,1.0,1.88453e-15,0.121155165
2418,1.0,1.4300152e-15,-0.17363375
2419,1.0,1.0530041e-15,0.21543384
2420,1.0,1.5359442e-16,-0.29799792
2421,1.0,7.8854075e-15,0.027117515
2422,1.0,1.1766485e-15,-0.8013754
2423,1.0,3.654013e-15,-0.8053543
2424,1.0,6.065515e-16,0.14213102
2425,1.0,2.7417972e-15,-0.5027036
2426,1.0,2.4293108e-15,-0.30809572
2427,1.0,1.7856456e-16,-0.98847616
2428,1.0,4.6517474e-15,2.4044414
2429,1.0,1.6656513e-14,-0.5579221
2430,1.0,3.2235357e-15,0.58736175
2431,1.0,3.1762361e-15,-1.1111997
2432,1.0,2.1733616e-16,0.8840618
2433,1.0,3.5746664e-16,-1.2522873
2434,1.0,4.641234e-16,-2.2952368
2435,1.0,1.93017e-15,1.6338395
2436,1.0,8.385551e-16,0.1293295
2437,1.0,7.3810515e-16,0.56052595
2438,1.0,2.0923122e-15,0.29704303
2439,1.0,4.3740292e-16,1.6316513
2440,1.0,2.2711143e-15,-0.35495985
2441,1.0,8.101491e-16,-1.041338
2442,1.0,4.0934557e-15,0.44545466
2443,1.0,9.271519e-16,-0.55984706
2444,1.0,1.4114039e-16,-0.055061247
2445,1.0,8.0718153e-16,0.5386894
2446,1.0,7.7777394e-15,0.0045357044
2447,1.0,1.3642177e-15,-0.12899262
2448,1.0,5.0668833e-16,-2.000318
2449,1.0,7.0207035e-16,0.09291591
2450,1.0,8.831709e-15,-0.34657124
2451,1.0,1.6141137e-16,2.5076845
2452,1.0,1.471261e-15,0.21720627
2453,1.0,8.292695e-16,-1.0073049
2454,1.0,1.4607697e-15,0.3917678
2455,1.0,1.2644127e-15,0.82404166
2456,1.0,2.570908e-16,1.3927642
2457,1.0,3.2354843e-16,-1.5367141
2458,1.0,4.5046737e-15,-1.1146998
2459,1.0,3.99799e-15,1.2614752
2460,1.0,1.4194931e-15,-1.283785
2461,1.0,7.249812e-16,0.7319729
2462,1.0,6.2737143e-15,1.0150876
2463,1.0,4.2967178e-15,-0.91467774
2464,1.0,1.1371143e-16,-0.13112894
2465,1.0,3.2218025e-15,-0.3800498
2466,1.0,1.7868536e-14,-0.14544085
2467,1.0,1.6225845e-15,-0.860734
2468,1.0,2.3935919e-15,-0.42872435
2469,1.0,1.7361558e-16,-0.98748887
2470,1.0,6.9400485e-16,-1.0116152
2471,1.0,1.917357e-15,-0.42532963
2472,1.0,4.124239e-15,-1.0936152
2473,1.0,1.315895e-15,-1.0239679
2474,1.0,3.8001355e-16,1.4804742
2475,1.0,1.3761033e-15,-0.8277592
2476,1.0,7.940613e-16,-0.34869444
2477,1.0,1.2819111e-15,1.0195355
2478,1.0,1.6489792e-15,0.39863545
2479,1.0,9.029733e-16,0.22818133
2480,1.0,2.32443e-16,0.074473895
2481,1.0,1.0341076e-15,-1.6777937
2482,1.0,6.4852426e-16,-1.8583376
2483,1.0,6.380997e-16,-1.427702
2484,1.0,9.33565e-16,-1.1107837
2485,1.0,1.8925122e-15,-1.0569236
2486,1.0,1.4912921e-15,-0.7279929
2487,1.0,3.767128e-15,-1.0879879
2488,1.0,7.135917e-16,1.9276164
2489,1.0,9.305571e-16,1.029971
2490,1.0,5.2439446e-15,0.22122878
2491,1.0,1.565313e-15,-1.2879772
2492,1.0,2.143573e-15,-1.8520967
2493,1.0,2.0185073e-15,-0.4001984
2494,1.0,1.7634232e-15,0.0308619
2495,1.0,2.9699548e-15,0.6308332
2496,1.0,2.9520165e-16,-1.0613257
2497,1.0,9.715616e-16,-0.99040604
2498,1.0,3.1076082e-16,2.1759536
2499,1.0,7.116236e-16,2.5540211
2500,1.0,8.506082e-15,0.1862039
2501,1.0,2.4028226e-15,0.6554709
2502,1.0,5.706249e-15,0.59149975
2503,1.0,5.247464e-16,-0.37253633
2504,1.0,5.3844004e-15,-0.05714798
2505,1.0,1.6252358e-15,0.3721246
2506,1.0,1.9798434e-15,-0.75933456
2507,1.0,1.4881835e-15,0.5261307
2508,1.0,1.6786192e-14,-0.46018904
2509,1.0,1.7125041e-14,-0.44438657
2510,1.0,1.2455887e-15,0.16389559
2511,1.0,1.226989e-15,1.0991895
2512,1.0,2.7422886e-15,1.2489598
2513,1.0,8.0114446e-16,0.2496081
2514,1.0,5.859512e-15,-0.24685049
2515,1.0,2.9962187e-15,-0.105294555
2516,1.0,2.2590777e-15,-0.33394703
2517,1.0,3.2286167e-16,0.5406997
2518,1.0,1.7532288e-14,1.9589413
2519,1.0,6.8984803e-15,0.45887926
2520,1.0,2.2934192e-15,0.8430731
2521,1.0,1.3430163e-15,0.795278
2522,1.0,5.5383683e-16,-0.7125145
2523,1.0,1.1185251e-15,0.5134659
2524,1.0,3.9193292e-16,-0.0423023
2525,1.0,1.387383e-15,0.6859011
2526,1.0,1.393419e-15,-2.4282997
2527,1.0,3.6268617e-16,-0.30488187
2528,1.0,8.014046e-15,-1.3998342
2529,1.0,5.356393e-16,-0.6543166
2530,1.0,5.8737876e-16,2.1996138
2531,1.0,3.984561e-15,-2.9158068
2532,1.0,6.105676e-16,-0.8257069
2533,1.0,1.6471182e-15,1.2209058
2534,1.0,2.296272e-16,0.7637664
2535,1.0,4.46054e-15,-1.3064734
2536,1.0,1.8625602e-15,0.5842274
2537,1.0,6.5855615e-16,0.574346
2538,1.0,6.754501e-16,-0.096175246
2539,1.0,3.422468e-15,-0.85252774
2540,1.0,4.709903e-15,-0.28956303
2541,1.0,1.948331e-15,0.5757925
2542,1.0,4.6604502e-15,-1.4959842
2543,1.0,2.3045043e-15,-1.6412817
2544,1.0,3.899584e-16,-0.84566367
2545,1.0,1.0335442e-14,-2.1486795
2546,1.0,9.308339e-16,2.399351
2547,1.0,8.8878125e-15,-0.1305102
2548,1.0,7.676309e-16,-0.4025443
2549,1.0,1.5146263e-15,0.35130313
2550,1.0,6.7696175e-16,-0.9055805
2551,1.0,4.4180995e-16,0.62240845
2552,1.0,1.0607206e-15,-1.8016894
2553,1.0,1.1495493e-15,1.2273049
2554,1.0,8.454097e-15,-1.1832333
2555,1.0,2.5967034e-15,-2.3533766
2556,1.0,7.871188e-16,-1.3408701
2557,1.0,3.0193482e-16,0.71622866
2558,1.0,1.6674878e-15,-1.7717683
2559,1.0,2.1142065e-16,-0.35353267
2560,1.0,3.982994e-16,0.94050467
2561,1.0,4.5047404e-16,-1.1902803
2562,1.0,2.443475e-15,-0.89783925
2563,1.0,5.710318e-16,0.7960109
2564,1.0,1.2834329e-15,-1.5980325
2565,1.0,4.5057886e-16,0.087244205
2566,1.0,6.147584e-15,1.1376629
2567,1.0,3.9001492e-16,0.22671364
2568,1.0,1.0111742e-15,-0.45840672
2569,1.0,5.969838e-16,0.1555354
2570,1.0,1.6158394e-15,1.6019801
2571,1.0,5.8696884e-16,0.36309192
2572,1.0,6.5949133e-16,-0.7757621
2573,1.0,8.853056e-16,-1.3663843
2574,1.0,1.9709588e-15,-0.49245358
2575,1.0,1.084104e-14,0.7951849
2576,1.0,1.6498033e-15,0.9740235
2577,1.0,1.436127e-15,0.71008265
2578,1.0,1.1365468e-15,0.39654428
2579,1.0,1.5919346e-16,-0.7242456
2580,1.0,1.8856374e-15,-0.5189595
2581,1.0,3.2976767e-15,2.7130868
2582,1.0,1.5409166e-14,-1.2994177
2583,1.0,7.60905e-16,-0.75669086
2584,1.0,3.8369888e-16,0.7254152
2585,1.0,2.9379317e-14,-1.4220817
2586,1.0,6.600148e-16,1.1816428
2587,1.0,1.4257557e-15,-1.6506723
2588,1.0,2.310966e-15,-1.1934342
2589,1.0,1.15192474e-14,-0.9840057
2590,1.0,9.270953e-16,1.0721477
2591,1.0,4.773753e-16,-0.09523223
2592,1.0,5.305351e-16,1.3649665
2593,1.0,1.1405599e-15,-0.77034265
2594,1.0,9.138473e-16,0.23979394
2595,1.0,1.1351132e-14,0.5534875
2596,1.0,1.3629694e-15,-0.075709276
2597,1.0,2.1270863e-15,-0.23429553
2598,1.0,1.2362351e-15,0.24698856
2599,1.0,3.9338755e-15,2.3613203
2600,1.0,1.7483658e-15,-1.1638138
2601,1.0,1.0168875e-15,-1.3403888
2602,1.0,3.779491e-16,-2.3519063
2603,1.0,3.9668906e-16,0.40384045
2604,1.0,3.3007963e-16,0.7511277
2605,1.0,5.471172e-16,-1.0348276
2606,1.0,7.75951e-16,0.15658747
2607,1.0,8.5167596e-16,0.117093734
2608,1.0,5.4092083e-15,-2.6065617
2609,1.0,7.493912e-16,-0.5210961
2610,1.0,4.2985188e-16,-0.17627326
2611,1.0,1.1529396e-15,-1.2147423
2612,1.0,2.332255e-16,0.73805785
2613,1.0,2.2485457e-15,1.7273962
2614,1.0,2.614615e-15,-2.6583638
2615,1.0,3.051761e-15,-1.306666
2616,1.0,1.19775736e-14,0.4918197
2617,1.0,2.5482472e-15,-0.07384742
2618,1.0,1.4726037e-14,-0.45948687
2619,1.0,7.110324e-15,-0.7794024
2620,1.0,6.7910337e-16,0.21788889
2621,1.0,1.4044977e-15,-0.40208992
2622,1.0,3.38652e-15,-1.9763322
2623,1.0,1.2618925e-15,-0.104188025
2624,1.0,9.49313e-15,-0.51878196
2625,1.0,1.0752243e-14,-0.22186562
2626,1.0,7.652018e-15,1.6340969
2627,1.0,7.7835234e-16,0.17905018
2628,1.0,1.5548389e-15,0.24185067
2629,1.0,4.0674744e-16,-0.48715237
2630,1.0,2.9118998e-15,0.869509
2631,1.0,1.0102373e-15,-0.7008696
2632,1.0,2.7107951e-15,-0.76504344
2633,1.0,6.2662963e-16,0.58953714
2634,1.0,1.727509e-15,0.24587695
2635,1.0,6.931212e-16,0.9466391
2636,1.0,3.6947852e-16,0.97568685
2637,1.0,3.1917083e-16,0.5308728
2638,1.0,2.1771621e-16,0.2220801
2639,1.0,3.077878e-16,-0.8953489
2640,1.0,1.8965449e-15,-1.4945545
2641,1.0,3.3959102e-16,1.0305866
2642,1.0,2.214133e-15,-1.8532957
2643,1.0,1.6963592e-15,0.043228976
2644,1.0,1.2398762e-15,0.06141168
2645,1.0,5.69559e-16,2.7704847
2646,1.0,7.108829e-16,1.6748822
2647,1.0,1.9865321e-14,-0.93480605
2648,1.0,5.8288556e-16,0.8690572
2649,1.0,2.2844953e-15,0.43571517
2650,1.0,1.1585919e-15,0.77042997
2651,1.0,1.4814546e-15,-0.78050876
2652,1.0,4.8231775e-15,-1.5259655
2653,1.0,1.5033439e-15,-1.578323
2654,1.0,1.9987235e-15,0.9820011
2655,1.0,5.2676e-16,-0.08980736
2656,1.0,2.1823768e-15,-0.73914194
2657,1.0,3.7432934e-14,0.00561739
2658,1.0,6.9005856e-15,0.2093506
2659,1.0,1.3827131e-14,0.07391235
2660,1.0,5.1266494e-16,-0.34049156
2661,1.0,9.902706e-16,-1.2349595
2662,1.0,2.4129896e-16,0.18109983
2663,1.0,1.0965813e-15,0.9906909
2664,1.0,5.068585e-16,-0.5354533
2665,1.0,1.4232669e-15,0.037210032
2666,1.0,7.671479e-16,0.100462765
2667,1.0,6.7293485e-16,-1.4681478
2668,1.0,1.7207215e-15,0.08821214
2669,1.0,3.9720712e-15,-0.74787503
2670,1.0,1.03507e-16,-0.8542665
2671,1.0,1.2623265e-14,-0.07222237
2672,1.0,2.1147078e-15,-3.177963
2673,1.0,1.3405083e-15,1.0921807
2674,1.0,3.6138813e-15,0.15188564
2675,1.0,1.895706e-15,-1.078083
2676,1.0,1.3863144e-15,0.9633541
2677,1.0,4.300044e-16,-0.6129384
2678,1.0,1.2701073e-15,-0.42784667
2679,1.0,8.15476e-16,-0.79927605
2680,1.0,5.466583e-16,0.48858467
2681,1.0,7.917806e-16,0.9013488
2682,1.0,3.4417138e-15,0.7098998
2683,1.0,2.511602e-16,-1.5837173
2684,1.0,3.2108093e-15,-0.49720466
2685,1.0,6.0823827e-16,1.1576821
2686,1.0,1.3544485e-15,0.18625256
2687,1.0,2.1497556e-15,-1.7649239
2688,1.0,2.6904165e-16,1.3679415
2689,1.0,1.0861401e-15,-0.38766244
2690,1.0,7.934799e-16,-0.7646953
2691,1.0,1.810116e-16,0.846152
2692,1.0,1.6185098e-16,0.3517228
2693,1.0,7.472735e-15,-0.3436235
2694,1.0,1.977066e-15,0.14687878
2695,1.0,1.1172203e-15,-0.07160515
2696,1.0,1.711536e-16,0.3439166
2697,1.0,3.6654046e-15,-0.31921348
2698,1.0,1.24720596e-14,-0.30282092
2699,1.0,3.2388075e-15,-0.77263355
2700,1.0,3.5428185e-16,-1.091364
2701,1.0,1.3425962e-15,0.58133173
2702,1.0,4.360953e-15,-1.8741096
2703,1.0,2.2108739e-16,0.16880123
2704,1.0,8.6871895e-16,-1.8587089
2705,1.0,2.4179021e-15,-0.26173905
2706,1.0,1.4557354e-15,0.18121055
2707,1.0,2.516071e-16,-0.35404736
2708,1.0,4.1261906e-15,1.5324813
2709,1.0,3.8987063e-16,1.031254
2710,1.0,2.1032997e-15,-0.603162
2711,1.0,1.85182e-15,-0.24096431
2712,1.0,1.1672112e-15,-0.98696995
2713,1.0,8.815313e-16,0.34803432
2714,1.0,9.12461e-16,-0.65568227
2715,1.0,5.459833e-15,-0.30398875
2716,1.0,6.7866826e-16,-0.42686883
2717,1.0,6.3503765e-16,1.2511425
2718,1.0,4.2503523e-16,-1.0317991
2719,1.0,1.1385603e-15,1.2299412
2720,1.0,2.665338e-16,0.4142647
2721,1.0,6.085194e-15,-1.4937421
2722,1.0,4.808921e-15,-0.64163756
2723,1.0,3.2182509e-16,-0.30560607
2724,1.0,1.4376837e-15,-0.33490658
2725,1.0,4.6149987e-16,-1.7494372
2726,1.0,1.119302e-15,0.16889927
2727,1.0,1.019801e-15,-0.6687993
2728,1.0,7.2191517e-16,0.33905235
2729,1.0,2.7867064e-15,-0.5934648
2730,1.0,7.0020084e-16,-0.3684104
2731,1.0,9.575655e-15,0.31662026
2732,1.0,2.513826e-16,1.145181
2733,1.0,3.8676435e-16,2.8627746
2734,1.0,5.6004045e-16,0.06952659
2735,1.0,5.2409448e-15,-0.4124933
2736,1.0,4.8836045e-16,-0.8637762
2737,1.0,6.232421e-16,0.5270348
2738,1.0,5.432635e-16,0.38492787
2739,1.0,2.9955216e-15,-0.48296356
2740,1.0,8.849684e-15,0.73479295
2741,1.0,8.7455104e-16,-0.07774236
2742,1.0,2.4202368e-15,-0.9019486
2743,1.0,8.5652406e-16,-0.8708581
2744,1.0,1.5119305e-15,0.5364188
2745,1.0,5.4786493e-16,0.4818889
2746,1.0,4.3054605e-16,-1.2279775
2747,1.0,5.419388e-16,0.2205258
2748,1.0,3.1388724e-15,-0.98903006
2749,1.0,2.0865733e-15,-1.4472967
2750,1.0,1.6212233e-15,0.91951936
2751,1.0,4.8054524e-16,0.108829655
2752,1.0,9.480279e-16,0.6782275
2753,1.0,5.1219775e-16,0.51001686
2754,1.0,3.330583e-16,-0.7623115
2755,1.0,8.435606e-15,-3.3891807
2756,1.0,8.562795e-15,-0.4535213
2757,1.0,2.6429826e-16,-0.59991145
2758,1.0,1.9343344e-15,1.1789637
2759,1.0,1.3351752e-15,0.6891167
2760,1.0,3.781207e-16,0.59312344
2761,1.0,6.4534567e-16,-0.89953923
2762,1.0,5.763783e-16,-0.8963697
2763,1.0,1.26463035e-14,-1.6189758
2764,1.0,1.1676259e-14,1.3688676
2765,1.0,3.195072e-15,-1.0288991
2766,1.0,3.2015733e-16,1.2225578
2767,1.0,2.7702657e-16,0.10248506
2768,1.0,5.136476e-16,-0.34505674
2769,1.0,4.3515283e-16,-0.34021083
2770,1.0,6.6893707e-16,0.7598614
2771,1.0,5.381646e-16,0.13437283
2772,1.0,3.1069935e-15,-1.1020287
2773,1.0,9.968958e-16,0.8224003
2774,1.0,2.417856e-15,0.7649862
2775,1.0,1.9557775e-15,1.3909153
2776,1.0,2.7193086e-15,-1.6666948
2777,1.0,5.9957443e-15,-0.17422268
2778,1.0,3.844021e-16,0.68947583
2779,1.0,5.8654586e-16,-1.233515
2780,1.0,1.338924e-15,-1.5600038
2781,1.0,7.9936167e-16,0.9718945
2782,1.0,1.2069161e-15,-1.9102626
2783,1.0,4.693078e-16,0.42411613
2784,1.0,1.1716096e-15,-1.2189543
2785,1.0,2.3032386e-15,-0.2387141
2786,1.0,1.1951689e-15,0.72945315
2787,1.0,1.4878819e-16,2.2734895
2788,1.0,1.4844698e-15,-0.01905154
2789,1.0,1.1688648e-14,-0.5364882
2790,1.0,7.4644683e-16,-0.8995341
2791,1.0,3.220314e-16,0.4831717
2792,1.0,1.4233646e-15,-1.0869523
2793,1.0,2.9232727e-16,-0.62914354
2794,1.0,8.443908e-16,0.18543154
2795,1.0,7.4861407e-16,-0.64407766
2796,1.0,1.7349773e-16,0.613472
2797,1.0,8.5132513e-16,-1.9930189
2798,1.0,1.6001976e-15,1.0861309
2799,1.0,1.6793613e-15,0.8102001
2800,1.0,8.616265e-16,-0.5127442
2801,1.0,1.957172e-16,0.7611927
2802,1.0,2.3566007e-14,2.1624482
2803,1.0,2.438391e-15,-0.81377435
2804,1.0,4.143067e-15,-0.05319943
2805,1.0,7.752557e-16,0.274055
2806,1.0,3.264146e-16,0.20075946
2807,1.0,6.106308e-15,0.11599578
2808,1.0,8.2864656e-16,-0.82423997
2809,1.0,5.5146537e-15,1.6461065
2810,1.0,1.832006e-15,-0.06861548
2811,1.0,1.8307624e-15,-0.12608209
2812,1.0,3.921709e-15,0.8017079
2813,1.0,1.2231288e-15,-0.24619645
2814,1.0,4.1043697e-15,0.14042251
2815,1.0,2.470297e-16,1.7847216
2816,1.0,6.8689353e-16,-0.67091024
2817,1.0,2.1065034e-15,-0.59603876
2818,1.0,1.5267911e-15,-1.0875375
2819,1.0,1.3248309e-14,-0.1374673
2820,1.0,1.0559567e-15,1.4033679
2821,1.0,8.3903505e-16,0.56898
2822,1.0,4.76644e-15,0.30501926
2823,1.0,1.8206717e-14,-0.123303644
2824,1.0,5.9593062e-15,1.1732225
2825,1.0,8.373085e-16,-0.5702441
2826,1.0,1.08968e-15,0.007027516
2827,1.0,5.898892e-16,0.1321996
2828,1.0,6.8849146e-15,-0.7332305
2829,1.0,6.0074664e-15,-2.2118952
2830,1.0,3.5098767e-15,-0.21838398
2831,1.0,1.3726955e-15,-1.4535553
2832,1.0,1.0110739e-15,-0.20389377
2833,1.0,3.1642394e-15,-0.5311926
2834,1.0,1.0666203e-15,-2.2250397
2835,1.0,8.228632e-16,0.15709259
2836,1.0,1.0680616e-15,1.3176957
2837,1.0,1.8723627e-15,-0.3315221
2838,1.0,2.2897903e-16,0.08939315
2839,1.0,2.5789848e-14,0.626616
2840,1.0,7.5676263e-16,1.3275694
2841,1.0,8.140871e-15,-0.54520124
2842,1.0,1.8198306e-15,-0.19675525
2843,1.0,2.8288944e-16,0.9996475
2844,1.0,2.2530104e-15,-0.12730241
2845,1.0,9.549823e-16,1.0879685
2846,1.0,1.0177103e-15,0.014723404
2847,1.0,1.223997e-15,-1.7280291
2848,1.0,4.528416e-15,0.38822132
2849,1.0,5.636368e-16,-0.83898884
2850,1.0,1.9932718e-15,-0.07128637
2851,1.0,2.2921772e-15,-0.25405812
2852,1.0,2.4495132e-15,-0.6277883
2853,1.0,1.982534e-15,0.36004514
2854,1.0,1.3294569e-16,0.23481648
2855,1.0,3.7658658e-14,-0.12753643
2856,1.0,3.7665948e-16,0.58149797
2857,1.0,5.791004e-15,-0.77522635
2858,1.0,8.829717e-16,0.51769644
2859,1.0,1.2662564e-15,-0.27311698
2860,1.0,1.5561324e-15,-0.23106734
2861,1.0,2.8125297e-15,-0.46578622
2862,1.0,2.5276065e-15,-1.0909193
2863,1.0,5.865615e-16,0.29752713
2864,1.0,3.6128322e-16,-0.17489064
2865,1.0,1.4873372e-16,-0.38837415
2866,1.0,5.395851e-16,-0.8265911
2867,1.0,4.093018e-15,0.40311426
2868,1.0,4.1465275e-16,-1.2800955
2869,1.0,1.2637665e-15,0.29118
2870,1.0,8.149318e-16,-0.13635835
2871,1.0,4.6139977e-15,0.70212805
2872,1.0,5.017818e-15,-0.055727974
2873,1.0,3.6121844e-16,-1.4868915
2874,1.0,4.2010587e-16,-0.4152836
2875,1.0,4.978956e-16,0.77490354
2876,1.0,1.1311094e-16,-1.0947673
2877,1.0,4.553151e-15,0.384911
2878,1.0,8.7024754e-17,0.97742486
2879,1.0,3.832454e-16,-1.5194072
2880,1.0,2.3419638e-16,-0.2766744
2881,1.0,4.0917517e-16,0.2434556
2882,1.0,4.5405736e-16,0.8886775
2883,1.0,1.2854755e-16,1.396676
2884,1.0,9.212046e-16,-2.9119523
2885,1.0,2.2776038e-15,-2.2587616
2886,1.0,7.128901e-15,0.98996574
2887,1.0,2.7026896e-15,0.2672137
2888,1.0,3.1268977e-15,0.06418579
2889,1.0,9.875728e-17,1.2245677
2890,1.0,1.0504691e-14,0.72110707
2891,1.0,1.3764393e-15,1.4163328
2892,1.0,1.5726628e-15,-0.088154435
2893,1.0,1.7183208e-15,-0.14682466
2894,1.0,1.1429206e-15,-0.38618657
2895,1.0,4.788072e-15,-0.53242314
2896,1.0,1.2527167e-16,-0.11221827
2897,1.0,1.1759125e-15,0.3641364
2898,1.0,1.1425109e-15,-0.36087742
2899,1.0,3.0616141e-15,1.4148484
2900,1.0,1.4622416e-15,0.52412146
2901,1.0,1.6890368e-15,-0.9036367
2902,1.0,2.8285303e-14,-1.7290689
2903,1.0,1.7282134e-16,0.6527776
2904,1.0,2.1073555e-15,-0.2440502
2905,1.0,2.0765832e-16,1.6115502
2906,1.0,4.212567e-15,-1.3858029
2907,1.0,8.5770763e-16,-0.025700556
2908,1.0,1.6405654e-15,-1.1664262
2909,1.0,1.779384e-15,1.2775897
2910,1.0,1.1645383e-15,0.14653432
2911,1.0,4.5799605e-15,-0.45711207
2912,1.0,6.165453e-16,0.80195796
2913,1.0,2.0584758e-15,0.46282798
2914,1.0,4.169177e-16,0.7552453
2915,1.0,5.0695735e-15,-0.9349458
2916,1.0,1.6712251e-16,-0.5880867
2917,1.0,1.89413e-15,0.89994764
2918,1.0,6.606474e-15,-0.79707175
2919,1.0,2.6863773e-15,1.9177371
2920,1.0,3.8932095e-15,0.21942702
2921,1.0,7.239694e-17,1.6310737
2922,1.0,6.665986e-16,1.0201399
2923,1.0,5.174514e-15,0.98547864
2924,1.0,5.4541473e-16,-0.81219006
2925,1.0,1.0925436e-15,1.425636
2926,1.0,1.3755889e-15,0.009492488
2927,1.0,4.306939e-16,1.7162117
2928,1.0,1.9739074e-16,0.6922747
2929,1.0,3.058076e-16,-0.13767187
2930,1.0,1.4262671e-15,-1.3264369
2931,1.0,8.690703e-16,0.09443026
2932,1.0,1.7907891e-16,0.3116755
2933,1.0,1.6170365e-14,-1.6609896
2934,1.0,1.1570239e-15,-0.32056692
2935,1.0,4.555251e-16,-0.5190884
2936,1.0,5.1485606e-16,0.97244734
2937,1.0,2.4340974e-15,0.6992172
2938,1.0,9.431366e-16,-0.6459075
2939,1.0,3.250219e-15,-1.4773359
2940,1.0,6.0362727e-15,-0.46704158
2941,1.0,6.237201e-16,0.9650584
2942,1.0,4.4465918e-15,2.73541
2943,1.0,8.533251e-15,-0.32461646
2944,1.0,3.1226304e-15,-1.5171767
2945,1.0,3.698635e-16,-0.19316463
2946,1.0,4.0396276e-15,1.4227837
2947,1.0,2.368811e-16,0.06948697
2948,1.0,6.9195913e-15,-1.6580921
2949,1.0,9.773499e-15,-0.44660538
2950,1.0,6.9422196e-16,-0.097250886
2951,1.0,1.9370593e-15,-0.90352947
2952,1.0,1.069199e-15,0.56637305
2953,1.0,3.5098348e-16,-0.26001406
2954,1.0,1.0425959e-15,-1.2211425
2955,1.0,2.8134847e-15,-1.3384786
2956,1.0,2.263546e-15,0.10395377
2957,1.0,6.522557e-16,0.3034457
2958,1.0,1.1618582e-15,0.9666416
2959,1.0,4.8940293e-16,0.50735134
2960,1.0,8.547838e-17,1.0021013
2961,1.0,1.6158394e-15,0.6054893
2962,1.0,4.2369346e-15,-1.0185848
2963,1.0,4.433294e-16,1.2105706
2964,1.0,3.3266721e-16,1.2351496
2965,1.0,1.3191217e-15,0.62184966
2966,1.0,1.9268814e-15,-1.104736
2967,1.0,3.8446664e-16,0.37299392
2968,1.0,1.9821105e-15,-0.7574203
2969,1.0,9.588334e-16,1.0233701
2970,1.0,5.2894904e-15,-0.4556709
2971,1.0,6.2647907e-16,-0.53276354
2972,1.0,1.1348399e-15,0.34870678
2973,1.0,2.8893935e-15,0.3172117
2974,1.0,1.1403511e-15,0.39784536
2975,1.0,1.2167261e-14,-0.7448033
2976,1.0,3.2959524e-16,-0.64461994
2977,1.0,7.449651e-15,-1.6132146
2978,1.0,1.1206776e-15,-0.6905398
2979,1.0,5.2151183e-15,-0.05300728
2980,1.0,2.2417712e-15,-0.48408857
2981,1.0,6.810127e-16,0.055765186
2982,1.0,1.836204e-15,-1.4356765
2983,1.0,2.6496856e-16,1.016028
2984,1.0,1.7846592e-15,1.6875606
2985,1.0,1.7779108e-16,1.0298139
2986,1.0,2.617319e-15,-0.985824
2987,1.0,4.5208215e-15,-0.15602857
2988,1.0,5.622989e-16,0.83062565
2989,1.0,5.761409e-16,0.79090196
2990,1.0,7.6010143e-16,0.6094886
2991,1.0,1.0155269e-15,0.81580603
2992,1.0,8.242266e-16,-0.04474696
2993,1.0,1.9783939e-15,0.6259151
2994,1.0,9.158995e-16,-0.24560803
2995,1.0,8.7606024e-16,1.0004394
2996,1.0,1.0908154e-15,2.1891487
2997,1.0,3.291167e-15,-0.8458026
2998,1.0,1.6831131e-15,1.2032273
2999,1.0,1.4004423e-15,1.0621579
