,0
0,0.011387914
1,0.08213399
2,0.009974137
3,0.0018287003
4,0.012080967
5,0.014811128
6,0.21760319
7,0.055209488
8,0.0050655603
9,0.15005213
10,0.007146666
11,0.022987988
12,0.036783326
13,0.12453312
14,0.017031431
15,0.09656285
16,0.20218673
17,0.21041721
18,0.046553165
19,0.0083037615
20,0.17701766
21,0.09797463
22,0.030800253
23,0.15380588
24,0.021589965
25,0.04149151
26,0.0
27,0.21942402
28,-0.0018484294
29,0.13474134
30,0.07223183
31,0.03542748
32,0.008747298
33,0.04111179
34,0.0
35,0.043791294
36,0.07798677
37,0.17561476
38,0.14040698
39,0.10108028
40,0.020273775
41,0.04169911
42,0.108309805
43,0.1527811
44,0.031022951
45,0.039904505
46,0.1644367
47,0.010332369
48,0.18740982
49,0.028374195
50,0.13494885
51,0.043928146
52,0.050804853
53,0.08949743
54,0.004573153
55,0.1187421
56,0.044434845
57,0.144954
58,0.022607565
59,0.43892494
60,0.0068256385
61,0.079017356
62,0.044844806
63,0.23482859
64,0.16448969
65,0.16096967
66,0.12849003
67,0.00013870094
68,0.0152768865
69,0.21495314
70,0.038437128
71,0.08326101
72,0.008630611
73,0.09186281
74,0.051187724
75,0.124187976
76,0.16479889
77,0.13846856
78,-0.0028651357
79,0.0009274786
80,0.22801945
81,0.014741691
82,0.17808358
83,0.15722555
84,0.07414675
85,0.13531424
86,-0.001026906
87,0.11244911
88,-0.00089399517
89,0.19150795
90,0.09328695
91,0.11357479
92,0.08461115
93,0.24356562
94,0.00054380065
95,0.20374405
96,0.14534335
97,0.04924214
98,0.04159537
99,0.036678016
100,0.067436576
101,0.07754055
102,0.02125661
103,0.16737136
104,0.027976662
105,0.013977647
106,0.124779806
107,0.10433886
108,0.08128797
109,0.04004527
110,0.034949135
111,0.18147433
112,0.07346044
113,0.010762915
114,0.15123215
115,0.041370317
116,0.23915882
117,0.027449846
118,0.011038924
119,0.14842148
120,0.087367654
121,0.02519381
122,0.07709485
123,0.01594007
124,-0.008978199
125,0.06427005
126,0.02312173
127,0.13911903
128,0.026064098
129,0.037873343
130,0.06720376
131,0.2042855
132,0.11211118
133,0.016536878
134,-0.005816072
135,0.32289904
136,0.04104449
137,0.052183837
138,0.039974645
139,0.19539195
140,-0.004377395
141,0.12545952
142,0.21686856
143,0.0010205082
144,0.0065456033
145,0.27055702
146,0.034747332
147,0.086375274
148,0.16914415
149,0.020881414
150,0.0098485425
151,0.10573517
152,0.08943185
153,0.0810931
154,0.104079604
155,0.028827608
156,0.034240488
157,0.114288434
158,0.033510834
159,0.0124465525
160,0.049969137
161,0.023771584
162,0.00039082766
163,0.009873521
164,-0.00010564923
165,0.07115519
166,0.15491474
167,0.20403606
168,0.11523117
169,0.0727638
170,0.0011733881
171,0.07348193
172,0.15659785
173,0.054762125
174,0.0
175,0.0016801928
176,0.08348811
177,0.026614279
178,-0.006151383
179,0.04783022
180,-0.0060330033
181,0.041345716
182,0.16497028
183,0.19796167
184,0.041814268
185,0.00235
186,0.13140243
187,0.1284796
188,0.08469313
189,0.141653
190,0.020339042
191,0.18356681
192,0.0
193,0.06288594
194,0.011787474
195,0.01727385
196,0.04492089
197,0.28445673
198,-0.00038602948
199,0.24073695
200,0.010999113
201,0.0686187
202,0.12788144
203,0.036378473
204,0.067219734
205,0.057443768
206,0.14590962
207,0.06938935
208,0.044005543
209,0.03763917
210,0.11329955
211,0.12883893
212,0.026872601
213,0.098807156
214,0.066535056
215,0.09792498
216,0.0076208655
217,0.03348887
218,0.05507247
219,0.018052371
220,0.03402537
221,0.12480055
222,0.020028591
223,0.046537757
224,0.027800918
225,0.22981128
226,0.13108745
227,0.121045545
228,0.0074331686
229,0.047628574
230,0.18064252
231,0.16001977
232,0.110778175
233,0.032788932
234,0.019154817
235,0.06470483
236,0.051168084
237,0.11714339
238,0.06652008
239,0.028034866
240,0.2572142
241,-0.006290138
242,0.08002247
243,0.08029672
244,0.1717011
245,0.16024557
246,0.0047797263
247,0.040249765
248,0.06493785
249,0.15179917
250,0.0
251,0.040801764
252,0.077298805
253,0.129924
254,0.09189591
255,-0.0012558914
256,0.029866338
257,0.33491296
258,0.0016373098
259,0.1663608
260,0.22115117
261,0.066919684
262,0.059312314
263,0.19471025
264,0.037321925
265,0.019574963
266,-0.0073647797
267,0.040000312
268,0.0018071532
269,0.029639482
270,0.15467608
271,0.10753462
272,0.11996925
273,0.0030069947
274,0.002661136
275,0.01622137
276,0.0033102212
277,0.12520912
278,0.0007211268
279,0.091158114
280,0.08301249
281,0.0024819488
282,0.011692207
283,0.22676176
284,0.035832096
285,-0.0069418848
286,0.10136321
287,0.020200044
288,0.058033437
289,0.0
290,0.05530408
291,0.004878789
292,-0.0013985932
293,0.13904992
294,0.10173337
295,0.023646891
296,0.10382509
297,0.14507133
298,0.019317508
299,0.04880394
300,0.18984094
301,0.16903058
302,0.021180004
303,0.10875644
304,0.041298717
305,0.08856986
306,0.1452855
307,0.07095063
308,0.12512654
309,0.040423453
310,0.002856046
311,0.09758583
312,0.017482668
313,0.02193769
314,0.119559124
315,0.049349487
316,0.19524929
317,0.0027196587
318,0.039797813
319,0.13201669
320,0.015182555
321,0.026435416
322,0.13649446
323,0.0038257837
324,0.049076818
325,0.16180855
326,0.11354911
327,0.03909698
328,0.019941285
329,0.13511497
330,0.0
331,-0.0024781632
332,0.012642294
333,0.0017570725
334,0.026973873
335,0.023324758
336,0.05801346
337,0.06846127
338,-0.013116121
339,0.04643932
340,0.09260142
341,0.027331578
342,0.0070247054
343,0.0072863847
344,0.018847078
345,0.026683807
346,0.23879252
347,0.02459148
348,0.037864536
349,0.002043794
350,0.010140985
351,0.008316221
352,0.04289431
353,0.15766291
354,0.14298499
355,0.18869315
356,0.0010247768
357,0.0
358,0.21007863
359,0.01831428
360,0.026521383
361,0.013934395
362,0.0988117
363,0.017739847
364,0.15044273
365,0.0
366,0.11099635
367,0.017255928
368,0.16990837
369,0.04261626
370,0.1509605
371,0.008783758
372,0.016139865
373,0.046438992
374,-0.014156714
375,0.076643005
376,0.13629705
377,0.012169815
378,0.02983027
379,0.14276525
380,0.0032195747
381,0.11644772
382,0.000656595
383,0.021377195
384,0.10196343
385,0.05572933
386,0.09628141
387,0.08273706
388,0.1652599
389,0.07498515
390,0.031396627
391,0.041592494
392,0.17614353
393,0.0020467208
394,0.09933078
395,0.009198484
396,0.069963545
397,0.075719774
398,0.0
399,-0.012585919
400,0.16679434
401,0.03266123
402,0.12761739
403,0.15396568
404,0.027052015
405,-0.006677121
406,0.11792673
407,0.035951495
408,0.03204012
409,0.023664832
410,0.08813876
411,-0.0060843527
412,0.13032158
413,0.04953158
414,0.01282922
415,0.024229974
416,0.07034576
417,0.100999266
418,0.031761706
419,0.067775905
420,0.052689172
421,0.0017326507
422,0.058982626
423,0.0037524977
424,0.10046181
425,0.0111171305
426,0.040515818
427,0.12464407
428,0.21647277
429,0.2540237
430,0.0018212006
431,0.21633682
432,0.20982629
433,0.09106013
434,0.020359773
435,0.077147454
436,0.11168626
437,0.0433349
438,0.036235914
439,0.06618944
440,0.19294246
441,0.017706541
442,0.119644776
443,0.0611597
444,0.027278483
445,0.043167744
446,0.039576914
447,0.01281625
448,0.0917602
449,0.026471265
450,0.042015344
451,0.04198388
452,0.2765984
453,0.029760897
454,0.22449729
455,0.09989919
456,0.12749909
457,0.014978647
458,0.08276704
459,0.20785373
460,0.01591222
461,0.0033441782
462,0.19619459
463,0.015007868
464,-0.00016611814
465,0.28833354
466,0.04674828
467,0.06374343
468,0.09488952
469,0.102164
470,0.086126
471,0.0698539
472,0.1963872
473,0.037968323
474,0.022181273
475,0.048339844
476,0.012854612
477,0.10836542
478,0.15479696
479,0.016584575
480,0.034886688
481,0.022494048
482,0.0
483,0.03892982
484,0.04082492
485,0.13248788
486,0.14392403
487,0.022448331
488,0.03125584
489,0.12624896
490,0.0
491,0.049762666
492,0.009334505
493,0.10400703
494,0.042809576
495,0.031919837
496,0.14375794
497,0.05359894
498,0.09155907
499,0.04903072
500,0.029623445
501,0.1684232
502,0.24245714
503,-0.012170058
504,0.23486495
505,0.0991334
506,0.052049536
507,0.0024320679
508,0.1829928
509,0.011360273
510,0.16601849
511,0.17901587
512,0.009358539
513,0.0
514,0.20282286
515,0.03386414
516,0.1707231
517,0.031235337
518,0.0013377514
519,0.051338904
520,0.00072842755
521,0.2685445
522,0.039155364
523,0.0065996675
524,0.0060005477
525,0.24870047
526,0.1338309
527,0.13713007
528,0.037569165
529,0.15126099
530,0.012778327
531,0.012392845
532,0.079147965
533,0.17179108
534,0.015016943
535,0.0
536,0.19775677
537,0.02992513
538,0.119461864
539,0.021964483
540,0.07190949
541,0.0760048
542,0.24722286
543,0.030050486
544,0.18471989
545,-0.0005745364
546,0.00068311376
547,0.037214756
548,0.27638882
549,0.2206139
550,0.012975335
551,0.16028902
552,0.06358303
553,0.005046841
554,0.22221628
555,0.0
556,0.0019617304
557,0.16286585
558,0.024492681
559,0.021107372
560,0.2676043
561,0.03652352
562,0.014537394
563,0.07719288
564,0.02133185
565,0.11517375
566,0.032455564
567,0.08357149
568,0.0010964274
569,0.17409587
570,0.059632912
571,0.051450185
572,0.03800508
573,0.1934135
574,0.12618607
575,0.011733502
576,0.009948939
577,0.13301992
578,0.24292131
579,0.07227078
580,0.07581967
581,0.15010571
582,0.17755124
583,0.07719031
584,0.020121008
585,0.047014534
586,0.039373815
587,0.18784705
588,0.1494011
589,0.03713171
590,0.1348458
591,0.18183011
592,0.1215726
593,0.14977407
594,-0.0036848292
595,0.051036596
596,0.06289387
597,0.015682295
598,0.08617357
599,0.05643694
600,0.008432552
601,0.052320182
602,0.011732776
603,0.21655983
604,0.043451533
605,0.08266723
606,0.12811083
607,0.112451404
608,0.10274872
609,0.04198551
610,0.04292777
611,0.046794444
612,0.0
613,0.04632777
614,0.14823186
615,0.036066234
616,0.122160725
617,0.1612319
618,0.09046237
619,0.076622546
620,0.17004977
621,0.050080955
622,0.098321505
623,0.00686723
624,0.019596651
625,0.030115604
626,0.031501114
627,0.013080069
628,0.10876535
629,0.015092462
630,0.0
631,0.023285896
632,0.16957067
633,0.0
634,0.026209457
635,0.08124542
636,0.09054026
637,0.02345866
638,0.17248483
639,0.01856494
640,0.20227799
641,0.010448017
642,0.0
643,0.00022765569
644,0.020923287
645,0.0
646,0.04081595
647,0.1803603
648,0.105048805
649,0.067371786
650,0.16247371
651,0.042126954
652,0.032593805
653,0.03399545
654,0.0
655,0.012093136
656,-0.010852605
657,0.16664048
658,0.16051708
659,0.027351454
660,0.038924262
661,0.017194241
662,-0.0013543828
663,0.03308046
664,0.024432609
665,0.015591085
666,0.027393539
667,0.017345965
668,0.09200817
669,0.0
670,0.0148944855
671,0.062132746
672,0.11639805
673,0.11858512
674,0.08781205
675,0.027747393
676,0.0015718937
677,0.055960864
678,0.064226344
679,0.13842893
680,0.008067362
681,0.13842675
682,-0.0054970384
683,0.019398112
684,-0.00035364745
685,0.14262098
686,0.018010017
687,0.096442476
688,0.0304216
689,0.0005104527
690,0.028381407
691,0.009289885
692,0.18371618
693,0.020108163
694,0.0
695,0.13171165
696,0.07571259
697,0.046613544
698,0.100509524
699,0.16658461
700,0.026015949
701,0.0032739558
702,0.0
703,0.02511099
704,0.029206872
705,-0.0056524873
706,0.07643354
707,0.033954263
708,0.095472574
709,0.1080879
710,0.09629962
711,0.13709112
712,0.09084925
713,0.14835554
714,0.00850662
715,0.0
716,0.036832467
717,-0.022307828
718,0.09608759
719,0.061793387
720,0.26131958
721,0.0034337044
722,0.0024172068
723,0.004396503
724,0.054045275
725,0.093735605
726,0.0551463
727,0.048690856
728,0.07019681
729,0.19038153
730,0.02539095
731,0.13686907
732,0.10285094
733,0.0058762245
734,0.027801156
735,0.048850026
736,0.048048496
737,0.10192193
738,0.008234227
739,0.12032899
740,0.3044143
741,-0.0011487397
742,0.07952118
743,0.0
744,0.12296333
745,0.0904032
746,0.08516145
747,0.023449838
748,0.016183585
749,0.069175005
750,0.06590813
751,0.16872922
752,0.20095217
753,-0.010623574
754,0.13930768
755,0.03383045
756,0.25638208
757,0.0732795
758,0.0
759,0.04125741
760,0.0
761,0.17416376
762,0.12516254
763,0.10180467
764,0.026074007
765,0.022740286
766,0.04876186
767,0.15272512
768,0.027206656
769,0.025265008
770,0.26207563
771,0.07284226
772,0.13737291
773,0.053748608
774,0.18081704
775,0.058237493
776,0.05282882
777,0.24486965
778,0.03014779
779,0.036596254
780,0.026665386
781,0.078508556
782,0.010037314
783,0.17419747
784,0.044961244
785,0.19490542
786,0.09672928
787,0.03906578
788,0.0077167153
789,0.045924257
790,0.014757215
791,0.21605319
792,0.015956864
793,0.068718255
794,0.13941205
795,0.21103138
796,-0.007902969
797,0.17286544
798,0.00091221416
799,0.0
800,0.21691298
801,0.016071834
802,0.023593428
803,0.14651236
804,0.044163022
805,0.008864045
806,0.0
807,0.026777364
808,0.17939647
809,0.027761579
810,0.009695336
811,0.2040938
812,0.0
813,0.07996544
814,0.008252203
815,0.025648296
816,0.011847357
817,0.058796544
818,0.0
819,-0.007107408
820,0.029487789
821,0.18809056
822,0.04098198
823,0.039634414
824,0.19129154
825,0.05707717
826,0.13077025
827,0.013340548
828,0.010128342
829,0.118128344
830,0.024439514
831,0.06639365
832,0.009584993
833,0.044465333
834,0.0058363676
835,0.0
836,0.09754065
837,0.11272787
838,0.0
839,0.08843231
840,0.07492307
841,0.014482526
842,0.010301977
843,0.040949166
844,0.0
845,0.104318455
846,0.06687409
847,0.19320595
848,0.18420485
849,0.08382225
850,0.13137054
851,0.14486952
852,0.02128321
853,0.014094353
854,0.042392544
855,0.28728163
856,0.01560232
857,0.100066826
858,0.09984997
859,0.021424532
860,0.024242908
861,0.120189905
862,-0.0050415127
863,-0.00033953786
864,0.096897185
865,0.015466958
866,0.10634589
867,0.07677631
868,0.009984401
869,0.018246114
870,0.20530427
871,0.048675
872,0.102253675
873,0.0
874,0.08611077
875,0.04787296
876,0.18030569
877,0.018064886
878,0.035250515
879,0.03496161
880,-0.0027199388
881,0.0077879727
882,-0.0032529235
883,3.2149826e-05
884,0.007150948
885,0.08906281
886,0.16748896
887,0.19979343
888,0.10332671
889,0.14134917
890,0.16411099
891,-0.009973992
892,0.029608186
893,0.19434236
894,-0.008574747
895,0.07343805
896,0.05492127
897,0.006422781
898,0.061941743
899,0.038852394
900,0.035963997
901,0.023799866
902,0.0
903,0.1603396
904,0.04302469
905,0.19900417
906,0.001964667
907,0.037132174
908,0.020400196
909,0.031156901
910,0.011710793
911,0.07226419
912,0.011951745
913,0.0033355744
914,0.109382495
915,-0.0029061586
916,0.027001739
917,0.1478334
918,0.12791193
919,0.014965765
920,0.056892887
921,0.03205636
922,0.04965192
923,0.00930725
924,0.09935995
925,0.1590001
926,0.046020113
927,0.05173306
928,0.026602298
929,0.06468937
930,0.04734668
931,0.044484496
932,-0.0039453357
933,0.14110824
934,0.007249722
935,0.06416699
936,0.023313358
937,0.03748694
938,0.07651173
939,0.089402854
940,0.000696324
941,0.01285395
942,0.106270075
943,0.0345584
944,0.13936692
945,0.20922391
946,0.0051533505
947,0.0026015341
948,0.2673615
949,0.00632832
950,0.16175039
951,0.0064017177
952,0.087290764
953,0.029667258
954,0.093269095
955,0.16942006
956,0.092020914
957,0.022827327
958,0.14493005
959,0.18437633
960,-0.0056738975
961,0.031954616
962,0.076107934
963,0.18026805
964,0.0059252493
965,0.14423443
966,0.17292064
967,-0.00054973364
968,0.35000783
969,0.1211998
970,0.03770721
971,0.076475814
972,0.1079568
973,0.11733484
974,0.1665272
975,0.061900467
976,0.052578047
977,0.08679098
978,0.004200675
979,0.15075576
980,0.1138283
981,0.161107
982,0.17095
983,0.0
984,-0.0026207566
985,0.031742007
986,-0.0014498793
987,0.050207734
988,0.03065187
989,0.05776283
990,0.20835856
991,0.03944695
992,0.01568079
993,0.14212911
994,0.012869671
995,0.0045844167
996,0.03671229
997,0.08689672
998,0.040238917
999,0.044785798
1000,0.02029097
1001,0.03450276
1002,0.02447959
1003,0.123029776
1004,0.0
1005,0.08071167
1006,0.18837237
1007,0.0
1008,0.084650815
1009,0.22505677
1010,0.046490252
1011,0.11112571
1012,0.14435142
1013,0.2047714
1014,0.0019389987
1015,0.10010665
1016,0.09038243
1017,-0.0023594503
1018,0.063589275
1019,-0.0019364143
1020,0.006321892
1021,0.09554446
1022,0.031196132
1023,0.040804625
1024,0.017903239
1025,-0.004848589
1026,0.06497234
1027,0.17126328
1028,0.035128545
1029,0.15796849
1030,0.20904541
1031,0.07446945
1032,0.0048902957
1033,0.08139032
1034,0.0021906495
1035,0.013300467
1036,0.012545288
1037,0.029424466
1038,0.05969432
1039,0.14901942
1040,0.16719098
1041,0.16325933
1042,0.19632226
1043,0.09581739
1044,0.07122135
1045,0.030850708
1046,0.003213942
1047,0.031653047
1048,0.08911616
1049,0.038202032
1050,0.20065695
1051,0.04069999
1052,0.01207921
1053,0.12979981
1054,0.0144706825
1055,0.041270375
1056,0.1643256
1057,0.019881453
1058,0.047642656
1059,0.0
1060,0.073773965
1061,0.107146405
1062,0.0005855065
1063,0.08892566
1064,0.0019582212
1065,0.18484023
1066,0.027953625
1067,0.04061678
1068,0.06731725
1069,0.12323186
1070,0.002618663
1071,0.07178086
1072,0.10408491
1073,0.052113056
1074,0.115740865
1075,-0.004870504
1076,0.041015744
1077,0.022751048
1078,0.15562479
1079,0.027106464
1080,0.08482833
1081,0.11912153
1082,0.12981611
1083,0.087261945
1084,0.10360938
1085,0.013371018
1086,0.016485836
1087,-0.0043607107
1088,0.057070673
1089,0.009040743
1090,0.026425332
1091,0.10846382
1092,0.08742958
1093,0.11859912
1094,0.010130197
1095,-0.012955368
1096,-0.004898876
1097,0.0026268065
1098,0.025470346
1099,0.04184997
1100,0.0039137225
1101,0.046432555
1102,0.031146556
1103,0.20974553
1104,0.0040211445
1105,0.03871213
1106,0.010525227
1107,0.04414995
1108,0.0025401711
1109,0.17594537
1110,-0.0038769245
1111,0.024300307
1112,0.017194033
1113,0.023041815
1114,-0.005961081
1115,0.042437464
1116,0.24318412
1117,0.12653685
1118,0.10048249
1119,0.09087223
1120,0.053714573
1121,0.34048188
1122,0.11698657
1123,0.15449144
1124,0.1438353
1125,0.17429954
1126,0.19494538
1127,0.24335018
1128,0.0370965
1129,0.03167379
1130,0.18127485
1131,0.008779824
1132,0.047207594
1133,0.22155073
1134,0.15422367
1135,0.033592656
1136,0.13622572
1137,0.11355513
1138,0.10948177
1139,0.02063495
1140,0.08184184
1141,-0.003826201
1142,0.025930613
1143,0.097402066
1144,0.050937355
1145,0.122964054
1146,0.10984331
1147,0.05043602
1148,0.07316643
1149,0.16387677
1150,0.041081995
1151,0.010875076
1152,0.10740035
1153,0.0
1154,0.06836799
1155,0.011719972
1156,0.027956411
1157,0.22777203
1158,0.07874581
1159,0.0
1160,0.038929686
1161,0.07186359
1162,0.10587907
1163,0.0971342
1164,0.14354362
1165,0.08720884
1166,0.05670461
1167,0.0637396
1168,0.025291622
1169,0.047125936
1170,0.17375104
1171,0.08607717
1172,0.14738593
1173,0.0
1174,0.14856955
1175,0.07492235
1176,0.011615261
1177,0.020593403
1178,0.040488124
1179,0.26197246
1180,0.037310213
1181,0.0062072277
1182,0.064672396
1183,0.16329029
1184,0.04480362
1185,0.16469567
1186,0.30231386
1187,0.0520297
1188,0.04032612
1189,0.049585517
1190,0.17575514
1191,-0.007582009
1192,0.0
1193,0.019576177
1194,0.039188057
1195,0.009093881
1196,0.03807941
1197,0.04681602
1198,0.082103945
1199,0.07562888
1200,0.104839265
1201,0.11625104
1202,0.12386091
1203,0.0024543065
1204,0.021706715
1205,0.022839487
1206,0.022495627
1207,0.11854136
1208,0.014960587
1209,0.02981864
1210,0.04577978
1211,0.02001518
1212,0.074979156
1213,0.06997439
1214,-0.004834427
1215,0.04604903
1216,0.068768024
1217,0.023555264
1218,0.068259776
1219,0.17453307
1220,0.14323923
1221,0.13281122
1222,0.06797358
1223,0.0024978817
1224,0.008810069
1225,0.13384779
1226,0.0016183568
1227,0.031409383
1228,0.007997476
1229,0.027297439
1230,0.0030343533
1231,0.080210835
1232,0.091946624
1233,0.048628435
1234,0.0
1235,0.14726521
1236,0.00876987
1237,0.11594177
1238,0.005176455
1239,0.0
1240,0.03911856
1241,0.008556932
1242,0.01406163
1243,-0.0069280267
1244,0.0011584868
1245,0.15036078
1246,0.16558196
1247,0.16299427
1248,0.28336847
1249,0.0055532157
1250,0.18564813
1251,0.16655353
1252,0.039465964
1253,0.028873801
1254,0.027155504
1255,0.04129666
1256,0.05539769
1257,0.051187992
1258,0.07515946
1259,0.03304398
1260,0.0053711976
1261,0.18357871
1262,0.0
1263,0.011316836
1264,0.04258576
1265,0.12790087
1266,0.087213725
1267,0.10396969
1268,0.003802933
1269,0.08046681
1270,0.010168681
1271,0.0021238166
1272,0.13875677
1273,0.028445542
1274,0.06297566
1275,0.002393364
1276,0.09986976
1277,0.0
1278,0.0801467
1279,0.037060842
1280,0.16188334
1281,0.0138813555
1282,0.17247099
1283,0.016783476
1284,0.07470381
1285,0.06914419
1286,0.103324115
1287,0.14255804
1288,0.043489724
1289,0.083090514
1290,0.018572122
1291,0.002243311
1292,0.08858992
1293,0.02365528
1294,0.06670144
1295,0.076802336
1296,0.040934443
1297,0.048096508
1298,0.035659667
1299,0.005453838
1300,0.06129368
1301,0.056278825
1302,0.0057165287
1303,-0.009943423
1304,0.010715798
1305,0.0031231176
1306,0.025224388
1307,0.08405487
1308,0.055494785
1309,0.06770955
1310,0.16564627
1311,0.15026972
1312,0.071262926
1313,0.21230268
1314,0.05441776
1315,0.037588775
1316,0.1450472
1317,0.047914058
1318,0.022739828
1319,0.108107835
1320,0.14525568
1321,0.026232444
1322,0.023860574
1323,0.09867488
1324,0.1420187
1325,0.02570015
1326,0.007983148
1327,0.12927565
1328,0.23434266
1329,0.023196567
1330,0.016530246
1331,0.050899595
1332,0.11215049
1333,0.27573317
1334,0.1572441
1335,0.043798685
1336,0.011789646
1337,0.028235912
1338,0.033927348
1339,0.006540144
1340,0.047673017
1341,0.013611773
1342,0.0032417532
1343,0.19604775
1344,0.064664215
1345,0.1840131
1346,0.035161205
1347,0.009321583
1348,0.07830483
1349,0.015432119
1350,0.19239755
1351,0.31588295
1352,0.055506393
1353,-0.0025829375
1354,0.12573674
1355,0.035159547
1356,0.2667106
1357,0.13419592
1358,0.04760252
1359,0.016632855
1360,0.04807633
1361,0.019507647
1362,0.093647756
1363,0.09359516
1364,0.023436695
1365,0.016256511
1366,0.020157263
1367,0.12693001
1368,0.024683982
1369,0.07133206
1370,0.010853231
1371,0.064419106
1372,0.21914761
1373,0.00068977784
1374,0.03693673
1375,0.022286057
1376,0.004059255
1377,-0.020606458
1378,0.1608088
1379,2.7890008e-05
1380,0.045122236
1381,0.00687775
1382,0.027508855
1383,0.04029268
1384,0.00934875
1385,0.027848482
1386,0.105990484
1387,0.119443975
1388,0.0016277615
1389,0.0
1390,0.04592538
1391,0.08202626
1392,0.1732673
1393,0.02312461
1394,0.028176144
1395,0.18055874
1396,0.28672102
1397,0.22688854
1398,0.1596955
1399,0.032943666
1400,0.13572219
1401,0.08647919
1402,0.31393144
1403,0.33110046
1404,0.22938123
1405,0.124378204
1406,0.019123524
1407,0.34265882
1408,-0.0017070305
1409,0.18705359
1410,-0.002778134
1411,0.10709346
1412,0.20170628
1413,0.022985637
1414,0.031212121
1415,0.12085718
1416,0.068327844
1417,0.25103676
1418,0.06220436
1419,0.0029176539
1420,0.015103847
1421,0.032571122
1422,0.19483382
1423,0.3274929
1424,0.06621429
1425,0.03369969
1426,0.017710388
1427,0.023998976
1428,0.024439791
1429,0.0
1430,0.024077892
1431,0.0034757266
1432,0.09388617
1433,0.18537217
1434,0.005459795
1435,0.06664416
1436,0.0069464333
1437,0.008586384
1438,0.046587884
1439,0.047626793
1440,0.0491153
1441,0.07073811
1442,0.17706528
1443,0.027073532
1444,0.1550669
1445,0.051289916
1446,0.0
1447,0.090892226
1448,0.097658455
1449,0.0032009683
1450,0.16260475
1451,-0.0028234124
1452,0.0745776
1453,0.017476916
1454,0.037902534
1455,0.024342682
1456,0.016748458
1457,0.14530975
1458,0.188316
1459,-0.00017458224
1460,0.20292379
1461,0.05460462
1462,0.032811332
1463,0.028749257
1464,0.0028818697
1465,0.18718776
1466,0.027540952
1467,0.112390265
1468,0.039653093
1469,0.07537618
1470,0.01787392
1471,0.29284894
1472,0.06212613
1473,0.004842013
1474,0.07811889
1475,-0.00741899
1476,0.29005116
1477,0.03378935
1478,0.078094095
1479,0.0664645
1480,0.0025441647
1481,0.07887025
1482,0.12916988
1483,0.1580028
1484,0.005151212
1485,0.11743781
1486,0.019270241
1487,0.08504304
1488,0.031332206
1489,0.040889204
1490,-0.006188512
1491,0.1282871
1492,0.019016132
1493,0.03638147
1494,0.042538106
1495,0.028102517
1496,0.18502623
1497,0.100459725
1498,0.12020935
1499,0.022921942
1500,-0.0038381105
1501,0.054224223
1502,0.061936274
1503,0.119252294
1504,0.039499283
1505,0.12566057
1506,0.027028233
1507,0.040030837
1508,0.024133027
1509,0.00039485906
1510,0.015264051
1511,0.0064663086
1512,0.027383626
1513,0.07920292
1514,-0.005744055
1515,0.111718476
1516,0.12493282
1517,0.036475323
1518,0.13414636
1519,0.06942761
1520,0.065519184
1521,0.0
1522,0.120205075
1523,0.0018922724
1524,0.03658244
1525,0.10741906
1526,0.12396145
1527,0.0581399
1528,0.04102409
1529,0.062787056
1530,-0.0021954142
1531,0.048108075
1532,0.15890186
1533,0.14089629
1534,0.047459126
1535,0.010607408
1536,0.023319487
1537,0.04330656
1538,0.18488291
1539,0.009624451
1540,0.018747449
1541,0.27563524
1542,0.19736463
1543,0.051567443
1544,0.122492045
1545,0.17873502
1546,0.028725117
1547,0.14461145
1548,0.024155695
1549,0.08312966
1550,0.18772665
1551,-0.0076423585
1552,0.014020383
1553,0.21297051
1554,0.02636969
1555,0.0
1556,0.10472805
1557,0.020601198
1558,0.0
1559,0.052615702
1560,0.032720745
1561,0.18845135
1562,0.11074308
1563,0.009213567
1564,0.01371032
1565,-0.0030803727
1566,0.09662141
1567,0.13911138
1568,0.026919216
1569,0.052483857
1570,0.054980695
1571,0.104405105
1572,0.00256943
1573,0.01584081
1574,0.039632708
1575,0.005708307
1576,0.02042061
1577,0.26806876
1578,0.110396266
1579,0.13219145
1580,0.025600374
1581,-0.022025198
1582,0.11445996
1583,0.21549924
1584,0.08838844
1585,0.23033765
1586,0.015333861
1587,0.00013263153
1588,0.011128306
1589,0.052067578
1590,0.12779206
1591,0.023037225
1592,0.0059960485
1593,0.029684603
1594,0.0
1595,0.0
1596,0.081648864
1597,0.07412346
1598,0.03259948
1599,-0.0021103024
1600,0.15223575
1601,0.21685919
1602,0.083642945
1603,0.28982008
1604,0.008229673
1605,0.012804866
1606,0.08812226
1607,0.32628846
1608,0.052248955
1609,0.10235804
1610,0.10612344
1611,0.030576957
1612,0.0
1613,0.054777514
1614,0.044106245
1615,0.05495128
1616,0.0516119
1617,0.19218086
1618,-0.0014117658
1619,0.04479524
1620,0.10489854
1621,0.021887422
1622,0.04059966
1623,0.08822939
1624,0.0636007
1625,0.04335636
1626,0.040088117
1627,0.008110315
1628,0.06911552
1629,0.29326952
1630,0.0051710904
1631,0.03582692
1632,0.08563712
1633,0.0068807006
1634,0.3174102
1635,0.07021469
1636,0.0
1637,0.038179338
1638,0.005630076
1639,0.19789574
1640,0.029663265
1641,0.037071586
1642,0.034139518
1643,-0.007985443
1644,0.050988376
1645,0.0356611
1646,0.0829369
1647,0.030267
1648,0.088724256
1649,0.09256253
1650,0.019493878
1651,0.044791427
1652,0.008111894
1653,0.049587756
1654,0.040580064
1655,0.1237067
1656,0.020097762
1657,0.028111171
1658,0.029740244
1659,-0.0064116865
1660,0.03814611
1661,0.041539222
1662,0.15580818
1663,0.036127716
1664,0.15811491
1665,0.077924445
1666,0.01247108
1667,0.0627375
1668,0.0016673265
1669,0.014164746
1670,0.13340595
1671,0.0
1672,0.03837643
1673,0.042121187
1674,0.048834853
1675,0.01976346
1676,0.16474044
1677,0.0130405575
1678,0.0
1679,0.13015515
1680,0.12097749
1681,0.100564875
1682,-0.0013324163
1683,0.14581487
1684,0.064486265
1685,0.10098036
1686,-0.0024267812
1687,0.029787794
1688,0.11218516
1689,0.05355838
1690,0.022095427
1691,0.15957904
1692,0.1326112
1693,0.0031231376
1694,0.00045773387
1695,0.013179448
1696,0.0012663275
1697,0.1943007
1698,0.023968816
1699,0.007928312
1700,0.07937397
1701,0.026561841
1702,-0.007711416
1703,0.14133756
1704,0.17976078
1705,0.041183203
1706,0.02866289
1707,0.060067266
1708,0.0955119
1709,0.095237315
1710,0.01699844
1711,0.047406737
1712,0.0024715164
1713,0.058918893
1714,0.18439788
1715,0.0
1716,0.043496013
1717,0.009268969
1718,0.07959616
1719,0.039101094
1720,-0.016954243
1721,0.0290367
1722,-0.0060004443
1723,-0.0059104487
1724,0.028436452
1725,0.16602898
1726,0.17029598
1727,0.12824422
1728,0.042192332
1729,0.16742691
1730,0.10135908
1731,0.021378152
1732,0.00053733616
1733,0.14822716
1734,0.013924653
1735,0.048349023
1736,0.111876875
1737,0.005992621
1738,0.14793685
1739,0.08112829
1740,0.019007504
1741,0.011194587
1742,0.033452988
1743,0.1286206
1744,0.12699547
1745,0.08813533
1746,0.025685608
1747,0.0
1748,0.0030216873
1749,0.01394549
1750,0.046762086
1751,0.012267172
1752,0.2356947
1753,0.11838049
1754,0.14118683
1755,0.016519796
1756,-0.0007687509
1757,0.0019713342
1758,0.06331137
1759,0.07889283
1760,0.0051844865
1761,0.12084097
1762,0.042938054
1763,0.18776792
1764,0.08404121
1765,0.116220444
1766,0.0640343
1767,0.0105277
1768,0.039943635
1769,0.15035067
1770,0.020124167
1771,0.050364256
1772,0.27719945
1773,0.059072882
1774,0.18783894
1775,0.08340737
1776,0.0013969659
1777,0.16406254
1778,0.033984855
1779,0.009788808
1780,0.16123028
1781,0.021235768
1782,0.0026650727
1783,0.18522114
1784,0.07669151
1785,0.019103527
1786,0.008287996
1787,0.0023079822
1788,0.1547119
1789,0.011237472
1790,0.039913893
1791,0.04387167
1792,0.010621062
1793,0.04299876
1794,0.067570195
1795,0.117743686
1796,-0.012141535
1797,0.035430327
1798,0.10840704
1799,0.05198875
1800,0.045013294
1801,0.05002681
1802,0.004102936
1803,0.0
1804,0.10345222
1805,0.0
1806,0.07347116
1807,0.016316816
1808,0.0006342251
1809,0.13917658
1810,0.10578966
1811,0.019142121
1812,0.112385996
1813,0.05130848
1814,0.025153816
1815,0.118423045
1816,0.026447505
1817,0.05573517
1818,0.18795341
1819,0.25820112
1820,0.024977326
1821,-0.0057328963
1822,0.08790985
1823,0.0
1824,0.002680298
1825,0.043869138
1826,0.13362181
1827,0.16610594
1828,0.059402555
1829,0.0015135043
1830,0.15258628
1831,0.0033125551
1832,0.025698159
1833,0.19333297
1834,0.00015881658
1835,0.025332138
1836,0.0070804954
1837,0.019073963
1838,0.12600984
1839,0.019912869
1840,0.04512626
1841,0.0015218109
1842,0.09933442
1843,-0.008491676
1844,0.084863335
1845,0.01112544
1846,0.08112481
1847,0.21857205
1848,0.0010576467
1849,0.053292453
1850,0.012950972
1851,0.07438238
1852,-0.015398787
1853,0.22304057
1854,0.013431847
1855,0.020196557
1856,0.33562696
1857,0.1804161
1858,0.043370306
1859,-0.0028863023
1860,0.015465885
1861,0.009477934
1862,0.050893452
1863,0.05275342
1864,-0.0029836893
1865,0.021038622
1866,0.023840504
1867,0.035015374
1868,0.12261593
1869,0.06437224
1870,0.09824714
1871,0.0026933253
1872,0.00042704458
1873,0.22740242
1874,0.14624941
1875,0.05742915
1876,0.010127336
1877,0.21681494
1878,0.0014983481
1879,0.21990691
1880,0.02655229
1881,0.00221849
1882,8.159876e-05
1883,0.0036344682
1884,0.14414865
1885,0.21428117
1886,0.20337528
1887,0.0118224025
1888,0.00061123125
1889,0.07715661
1890,0.024476051
1891,0.02218479
1892,0.0035363138
1893,0.046651542
1894,0.0
1895,0.02284208
1896,0.07321748
1897,0.16979772
1898,0.012886703
1899,0.18568209
1900,-0.014685638
1901,0.024973333
1902,0.038334668
1903,0.16830719
1904,0.0283048
1905,0.04954028
1906,0.03720089
1907,0.03592053
1908,0.08745982
1909,0.022766665
1910,0.15954372
1911,0.052065194
1912,0.038507342
1913,0.02730757
1914,0.028887093
1915,0.15467796
1916,0.040769696
1917,-0.0010362188
1918,0.12293607
1919,0.043346524
1920,0.08416
1921,0.00080829184
1922,0.028011322
1923,0.06808862
1924,0.045044273
1925,0.11334175
1926,0.14285976
1927,0.056575805
1928,0.15325516
1929,0.049266875
1930,0.034849405
1931,0.1251469
1932,0.05241288
1933,0.08153656
1934,0.08230594
1935,0.033402264
1936,0.0235008
1937,0.059958756
1938,0.047120273
1939,-0.0063684164
1940,0.061884552
1941,0.003210336
1942,0.18981905
1943,0.15991154
1944,0.05941011
1945,0.10288894
1946,0.0075588226
1947,0.0040760934
1948,0.07585853
1949,0.02891618
1950,0.16588524
1951,0.07841694
1952,0.23877564
1953,0.035993487
1954,0.05193618
1955,0.0016676756
1956,0.010973457
1957,0.17397942
1958,0.051601976
1959,0.16142058
1960,0.06615259
1961,0.03852193
1962,0.019085541
1963,0.074520856
1964,0.0023639798
1965,0.12136281
1966,0.028394908
1967,-0.0049958825
1968,0.04221499
1969,0.03382024
1970,0.15547806
1971,0.038105667
1972,0.03443536
1973,0.074807696
1974,0.17387944
1975,-0.024367064
1976,0.06995934
1977,0.05893734
1978,0.23185678
1979,0.00879927
1980,0.046860896
1981,0.15505604
1982,0.062076908
1983,0.049711898
1984,0.012642056
1985,0.24713054
1986,0.090479136
1987,0.09132992
1988,0.26150662
1989,0.037338108
1990,0.0290177
1991,0.052853752
1992,0.025081694
1993,0.036942124
1994,0.08164556
1995,0.087488174
1996,0.10448912
1997,0.12746328
1998,0.07928491
1999,0.0228194
2000,-0.00011968613
2001,0.02489835
2002,0.05433976
2003,0.030044392
2004,0.1713151
2005,0.012174875
2006,0.08615865
2007,0.025778085
2008,0.031182528
2009,0.19102651
2010,0.004336482
2011,0.0028273845
2012,0.051565796
2013,0.06696871
2014,0.0
2015,0.08374226
2016,0.10071108
2017,0.0016918033
2018,0.23065323
2019,0.17150138
2020,0.09971028
2021,0.15541267
2022,0.016653389
2023,0.026343465
2024,0.0059247836
2025,0.087694466
2026,0.13571835
2027,0.14189658
2028,-0.013216674
2029,0.11530386
2030,0.31175527
2031,0.3286532
2032,0.04555589
2033,0.14997125
2034,0.079172075
2035,0.087607175
2036,0.003721706
2037,0.07052788
2038,0.10326815
2039,0.008087009
2040,0.15781003
2041,0.09182765
2042,0.058308274
2043,0.19461244
2044,0.09045231
2045,0.009205848
2046,0.09540522
2047,0.009434597
2048,0.08437966
2049,0.15146749
2050,0.022856295
2051,0.029266804
2052,0.037826456
2053,0.0455179
2054,0.04572183
2055,0.035943538
2056,0.10475129
2057,0.0081211515
2058,0.012714848
2059,-0.0005166598
2060,0.11591637
2061,0.000366305
2062,0.003601443
2063,0.106336
2064,0.14586015
2065,0.05410561
2066,0.03216889
2067,0.15645356
2068,0.03343892
2069,-0.001405865
2070,0.0344012
2071,0.00013290625
2072,0.014583945
2073,0.031534523
2074,0.0
2075,-0.0034940392
2076,-0.0057617202
2077,0.06504774
2078,0.0022242214
2079,0.1477434
2080,0.037645504
2081,0.045117974
2082,0.28956228
2083,0.053011835
2084,0.07166933
2085,0.097040944
2086,0.0
2087,0.053721294
2088,0.06685144
2089,0.096385926
2090,0.017938793
2091,-0.009235889
2092,0.021948867
2093,0.05742572
2094,0.040076673
2095,0.09436777
2096,0.04466942
2097,0.0
2098,0.020584643
2099,0.118339986
2100,0.076146066
2101,0.07935084
2102,0.23301274
2103,0.033451788
2104,0.21890321
2105,0.021791413
2106,0.002635532
2107,-0.014781104
2108,0.017022977
2109,0.13682367
2110,0.0
2111,0.0041627735
2112,0.10472196
2113,0.062187493
2114,0.15105951
2115,0.028422683
2116,-0.011694626
2117,0.008544713
2118,0.023306668
2119,0.0
2120,0.037360832
2121,-0.0003219862
2122,0.059427917
2123,0.11720434
2124,0.062579304
2125,0.050279856
2126,0.010076493
2127,0.01252383
2128,0.073966146
2129,0.037718117
2130,0.04783155
2131,0.0
2132,0.03724792
2133,0.011605889
2134,0.0014307227
2135,0.1267466
2136,0.017655075
2137,0.14229959
2138,0.018857032
2139,0.1031874
2140,0.08236824
2141,0.0011749871
2142,0.1464259
2143,0.018246688
2144,-0.0068563265
2145,0.1641008
2146,0.19186763
2147,0.0073717088
2148,0.016744925
2149,0.0025278183
2150,0.02389288
2151,0.080681995
2152,0.05338815
2153,0.17697814
2154,0.0049557984
2155,0.0
2156,0.0063935383
2157,0.06631332
2158,0.3008074
2159,0.0062847966
2160,0.008917533
2161,0.035478443
2162,0.15218753
2163,-0.00714916
2164,0.0
2165,0.103978544
2166,0.025425013
2167,0.08762121
2168,0.019530907
2169,0.03114742
2170,0.17347291
2171,-0.00541988
2172,0.035223275
2173,0.0
2174,0.010604341
2175,0.03283891
2176,0.107231766
2177,0.092348985
2178,0.14986779
2179,0.012799114
2180,0.03421101
2181,0.14332373
2182,0.12896274
2183,0.2120761
2184,0.14421129
2185,0.12884954
2186,0.03764506
2187,0.22462822
2188,0.040217757
2189,0.29214168
2190,0.020245284
2191,0.041192308
2192,0.11632571
2193,-0.014624976
2194,0.07370558
2195,-0.002910167
2196,0.016527772
2197,0.24088839
2198,0.018163621
2199,0.19963811
2200,0.09300421
2201,0.014120981
2202,0.120829016
2203,0.017190933
2204,0.27722278
2205,0.20359921
2206,0.008771211
2207,0.013434976
2208,0.025418798
2209,0.039986
2210,0.17120764
2211,0.015418887
2212,0.0037235776
2213,0.06709257
2214,0.0
2215,0.0685027
2216,0.012075156
2217,0.24668688
2218,0.21248168
2219,0.09716739
2220,0.11242509
2221,0.0
2222,0.08873442
2223,0.0
2224,0.19880322
2225,0.08177939
2226,0.04058075
2227,0.13766366
2228,0.15924343
2229,0.10001317
2230,0.045007028
2231,0.0004291154
2232,0.18773553
2233,0.12090351
2234,0.009698987
2235,0.08140147
2236,0.014712907
2237,0.23092957
2238,0.0
2239,0.1861369
2240,0.05751533
2241,0.15053964
2242,0.08509166
2243,0.0013337731
2244,0.0076018088
2245,0.032166928
2246,0.015805572
2247,-0.000745669
2248,0.0
2249,0.0954102
2250,0.112606704
2251,0.14059842
2252,0.0
2253,0.027549893
2254,0.0033128262
2255,0.012111604
2256,0.0013577174
2257,0.0024214536
2258,0.08097254
2259,0.07139467
2260,0.091540374
2261,0.08381489
2262,-0.007904984
2263,0.13428238
2264,0.076585755
2265,0.04155442
2266,0.013485774
2267,0.0
2268,0.02939684
2269,0.033909738
2270,0.027074933
2271,0.16997996
2272,0.087738045
2273,0.0075930953
2274,0.07748616
2275,0.08869177
2276,0.16900407
2277,0.08782026
2278,0.008823216
2279,0.011645585
2280,0.0052593397
2281,0.15999779
2282,0.16746135
2283,-0.0022754823
2284,0.031826496
2285,0.103881836
2286,0.16339597
2287,0.04272437
2288,0.021724313
2289,0.0023022508
2290,0.060737044
2291,0.0007645488
2292,0.026575893
2293,0.08967528
2294,0.15840283
2295,0.15665704
2296,0.043677986
2297,0.11300734
2298,0.02814442
2299,0.061963096
2300,0.042506337
2301,-0.0142125385
2302,0.02096162
2303,0.087857954
2304,0.003701874
2305,0.09528378
2306,0.051487282
2307,0.06385504
2308,0.092067
2309,0.011400938
2310,0.08557446
2311,0.069765136
2312,0.19579504
2313,0.004305167
2314,0.05191046
2315,0.02689898
2316,0.14863008
2317,0.0
2318,0.11107677
2319,0.108134076
2320,0.066867605
2321,0.08594988
2322,0.16905317
2323,-0.010888297
2324,0.040765584
2325,0.097789705
2326,0.21226758
2327,0.007100756
2328,0.10979158
2329,0.0092602465
2330,0.035487562
2331,0.15258673
2332,0.110341236
2333,0.11216231
2334,0.14397927
2335,0.039640397
2336,0.12881133
2337,0.054066345
2338,0.34324354
2339,0.03429088
2340,0.059133217
2341,0.0066192
2342,0.035465807
2343,0.024628744
2344,0.08077383
2345,0.055912107
2346,0.037559718
2347,-0.0016013235
2348,0.0
2349,0.024990458
2350,0.06787609
2351,0.073318735
2352,0.02509678
2353,0.0024505258
2354,0.15369356
2355,0.06871784
2356,0.023134798
2357,0.012499086
2358,0.08676623
2359,0.0467264
2360,0.015234843
2361,0.09846619
2362,0.08647317
2363,0.13215649
2364,0.08381772
2365,0.080442816
2366,0.12867966
2367,0.3654528
2368,0.20081353
2369,0.10401194
2370,0.028592229
2371,0.15838128
2372,0.09726038
2373,0.14785077
2374,0.06385816
2375,0.029698282
2376,0.081755996
2377,0.208314
2378,0.05243732
2379,0.033448547
2380,0.12365088
2381,0.1301368
2382,0.12140864
2383,0.029017925
2384,0.030703038
2385,0.020059973
2386,0.025913894
2387,0.19570819
2388,0.13450414
2389,-0.00052446127
2390,0.077097654
2391,0.16944584
2392,0.18150137
2393,0.16334076
2394,0.16236658
2395,0.15923083
2396,0.20139435
2397,0.002399981
2398,0.03512928
2399,0.17189963
2400,0.10669669
2401,0.0
2402,0.012222558
2403,0.17592402
2404,0.017638564
2405,0.005799234
2406,0.040352464
2407,0.11230336
2408,0.10119078
2409,0.034686908
2410,0.20946755
2411,0.010720989
2412,0.19283313
2413,0.0
2414,0.08988333
2415,0.10775575
2416,0.049376845
2417,-0.0008574724
2418,0.0931993
2419,0.013794526
2420,0.12006278
2421,0.26576632
2422,0.027076513
2423,0.20392555
2424,0.124830425
2425,0.03332395
2426,0.0038503865
2427,0.025410682
2428,0.024002075
2429,0.1565972
2430,0.00027954375
2431,0.028870255
2432,0.16251099
2433,0.27244115
2434,0.0871915
2435,0.07328613
2436,0.09260048
2437,0.02031362
2438,0.05183208
2439,0.01598543
2440,0.10949659
2441,0.089790285
2442,0.0029371977
2443,0.032948583
2444,0.15811923
2445,0.056033477
2446,0.23041037
2447,0.08154758
2448,0.00980328
2449,-0.023572981
2450,0.30534723
2451,0.050783247
2452,0.1737676
2453,0.027563691
2454,0.023608789
2455,0.0033910228
2456,0.023951026
2457,0.004377842
2458,0.12184031
2459,0.021576196
2460,0.18563737
2461,-0.014034748
2462,-0.0073224246
2463,0.0
2464,0.08511029
2465,0.013447523
2466,0.1059199
2467,0.07018265
2468,0.095464624
2469,0.05656983
2470,0.19660532
2471,0.008569971
2472,0.09310183
2473,0.061190635
2474,0.015862644
2475,0.110078275
2476,0.059537917
2477,0.090972066
2478,0.109876834
2479,0.15427794
2480,0.013898364
2481,0.11385748
2482,0.064444095
2483,0.01646879
2484,0.075020224
2485,0.003345729
2486,-0.0071473503
2487,0.013244748
2488,0.04439423
2489,0.037254356
2490,0.023232996
2491,0.039129525
2492,0.021436632
2493,0.0372445
2494,0.0015752779
2495,0.17749435
2496,0.019846143
2497,0.0
2498,0.019769957
2499,0.007941216
2500,0.039130315
2501,0.38407183
2502,0.14975196
2503,0.03485638
2504,0.03548883
2505,0.015271987
2506,0.042871386
2507,0.06460916
2508,0.16884026
2509,-0.0050973594
2510,0.18738204
2511,0.06282009
2512,0.13763306
2513,0.18165413
2514,0.15042202
2515,0.01747325
2516,0.124940485
2517,0.047409635
2518,0.050449863
2519,0.14064464
2520,0.10749751
2521,0.058889106
2522,0.0634239
2523,0.013094157
2524,0.008087652
2525,0.024798095
2526,0.09933756
2527,0.23740922
2528,0.00869748
2529,0.0025953797
2530,0.00979434
2531,0.17699608
2532,0.15406515
2533,0.45076743
2534,0.17805481
2535,0.24544534
2536,0.006303559
2537,0.08775482
2538,0.056974858
2539,0.08975032
2540,0.012675643
2541,0.28805414
2542,0.0015181899
2543,0.021154284
2544,0.09923926
2545,0.1065708
2546,0.00413774
2547,0.0
2548,0.14974898
2549,0.046231166
2550,0.031949043
2551,0.18999772
2552,0.00212121
2553,0.16217163
2554,0.0053519253
2555,0.17167425
2556,0.024979055
2557,0.15989336
2558,0.013938785
2559,0.19667274
2560,0.16575575
2561,0.023928272
2562,0.00015389235
2563,0.12074688
2564,0.023074865
2565,0.14683875
2566,0.3954635
2567,0.02219674
2568,0.0
2569,0.07437521
2570,0.063807845
2571,-0.010458901
2572,0.12415686
2573,0.0032687187
2574,0.08128543
2575,0.028299257
2576,0.007866447
2577,0.033015676
2578,0.07637015
2579,0.016233861
2580,0.023195714
2581,0.052745398
2582,0.16996913
2583,0.14785534
2584,0.13619116
2585,0.16244802
2586,0.034480035
2587,0.0011442669
2588,0.0020759455
2589,0.011394352
2590,0.26055935
2591,0.122044176
2592,0.11838175
2593,0.0
2594,0.15308781
2595,0.080767184
2596,0.07305211
2597,-0.020448416
2598,0.082420886
2599,0.2258068
2600,0.046021767
2601,0.020693518
2602,0.11734685
2603,0.092128396
2604,0.06882757
2605,0.023926973
2606,0.033624202
2607,0.0
2608,0.020805005
2609,0.0046277153
2610,0.03897576
2611,0.07265809
2612,0.0078112483
2613,0.22347353
2614,0.09045878
2615,0.038260013
2616,0.15427223
2617,0.0
2618,0.023935616
2619,0.035734385
2620,0.13242717
2621,0.027398735
2622,0.05988773
2623,0.10945678
2624,0.057522148
2625,0.031780556
2626,0.029763117
2627,0.0
2628,0.0061073303
2629,0.1333189
2630,0.007238671
2631,0.17914578
2632,0.0012143726
2633,-0.006869048
2634,0.20904377
2635,0.008157134
2636,0.15358618
2637,0.21306825
2638,0.055092573
2639,0.032070577
2640,0.07964295
2641,0.1375575
2642,0.17730309
2643,0.03813511
2644,0.007917908
2645,0.09210688
2646,0.13133332
2647,0.1449656
2648,0.15400359
2649,0.21887484
2650,0.10713683
2651,0.018468022
2652,0.09878963
2653,0.2922303
2654,0.10040207
2655,0.20774809
2656,0.021822244
2657,0.12253922
2658,0.11709458
2659,0.014641497
2660,0.080051035
2661,-0.018132538
2662,0.0710918
2663,0.30532753
2664,0.02463758
2665,0.00012461626
2666,0.10584413
2667,0.022113979
2668,0.0
2669,0.07683784
2670,0.090516925
2671,0.16407585
2672,0.11700064
2673,0.12284471
2674,0.035025984
2675,0.0029403158
2676,0.12909311
2677,0.0016905665
2678,0.015152097
2679,0.22682819
2680,0.13055944
2681,0.19101694
2682,-0.00037133193
2683,0.068320274
2684,0.0006578858
2685,0.020691907
2686,0.08825414
2687,0.022835523
2688,0.09829742
2689,0.0
2690,0.11085224
2691,0.016363677
2692,0.010891886
2693,0.0007588902
2694,0.02948922
2695,0.030578405
2696,0.07573107
2697,0.06943844
2698,0.08589816
2699,0.0015215364
2700,0.08791137
2701,0.30758512
2702,0.017900946
2703,0.023248553
2704,0.030789256
2705,0.003026992
2706,0.053731337
2707,0.023278445
2708,0.29126963
2709,0.18240291
2710,0.05860783
2711,0.0
2712,0.070909195
2713,0.23399806
2714,0.022061288
2715,0.19279972
2716,0.021127582
2717,0.013116557
2718,0.034103125
2719,0.21051344
2720,0.00037481176
2721,0.15614259
2722,0.010906458
2723,0.068789706
2724,0.026872754
2725,0.17526822
2726,0.07881512
2727,0.070132345
2728,0.14277375
2729,0.07319692
2730,0.021288324
2731,0.003140092
2732,0.0696797
2733,0.031274214
2734,0.0948864
2735,0.14227983
2736,0.114571065
2737,0.0035395587
2738,0.024544753
2739,0.08717347
2740,0.076750875
2741,0.11293489
2742,0.2607072
2743,0.21091959
2744,0.020999312
2745,0.09140968
2746,0.029112533
2747,0.07422217
2748,0.051980168
2749,0.035024047
2750,0.13706207
2751,0.12483731
2752,0.025248572
2753,0.16433513
2754,0.01993173
2755,0.009091281
2756,0.004706323
2757,0.15178384
2758,0.010307789
2759,0.14067233
2760,0.0012822228
2761,0.06055704
2762,0.0
2763,0.14950776
2764,-0.0035563111
2765,0.12204182
2766,0.034490854
2767,0.099414736
2768,0.045069993
2769,0.017653823
2770,0.08957252
2771,0.13272989
2772,0.07314041
2773,0.13527119
2774,0.017049976
2775,0.023180783
2776,0.0033887886
2777,0.13679665
2778,0.0
2779,0.037550345
2780,0.0
2781,0.14886737
2782,0.023892164
2783,0.032638818
2784,0.03261487
2785,-0.004836
2786,0.16792282
2787,0.030497387
2788,0.031335652
2789,-0.000456036
2790,0.022203535
2791,0.019570649
2792,0.18980981
2793,0.010546122
2794,0.06314492
2795,0.05411005
2796,0.15413354
2797,0.1517211
2798,0.037895612
2799,0.03754905
2800,0.30713916
2801,0.18183035
2802,0.09207973
2803,0.017222216
2804,0.1980018
2805,0.18046632
2806,0.061934948
2807,0.12754221
2808,0.13540706
2809,0.034828335
2810,-0.007880589
2811,0.16091602
2812,0.027356952
2813,0.06785559
2814,0.044973478
2815,0.00011762977
2816,0.01840341
2817,0.0
2818,0.07487755
2819,0.12021458
2820,0.006725639
2821,0.16049638
2822,0.11373719
2823,0.16477609
2824,0.0028753132
2825,0.10706363
2826,0.07450676
2827,0.0801477
2828,0.06349422
2829,0.14044666
2830,0.032460988
2831,0.01228559
2832,0.024696864
2833,0.21761563
2834,0.023591876
2835,0.03237091
2836,0.1501862
2837,0.23315436
2838,0.001022164
2839,0.22120664
2840,0.0018002185
2841,0.019864842
2842,0.035498053
2843,0.016012102
2844,0.08762306
2845,0.067482755
2846,0.018895239
2847,0.039721847
2848,0.19215904
2849,0.030841634
2850,0.116921544
2851,0.020454548
2852,0.020935468
2853,0.0
2854,0.08749041
2855,0.024561856
2856,0.040073812
2857,0.0
2858,0.11077833
2859,0.049260616
2860,0.028120399
2861,0.027455091
2862,-0.0013315231
2863,0.031034593
2864,0.019422933
2865,0.03607951
2866,0.050864518
2867,0.02099505
2868,0.054277733
2869,0.00650899
2870,0.23811188
2871,-0.0055544972
2872,0.035651818
2873,0.026211023
2874,0.20256549
2875,0.0563609
2876,-0.010991514
2877,0.045425855
2878,0.012542784
2879,0.036792397
2880,0.13967776
2881,0.032657266
2882,0.1295955
2883,0.042250335
2884,0.036823332
2885,0.03186123
2886,0.16268823
2887,0.034404486
2888,0.07081765
2889,0.12018113
2890,0.030430973
2891,0.03508967
2892,0.015468329
2893,0.048162267
2894,0.021881104
2895,0.21377936
2896,0.15096861
2897,0.0055321828
2898,-0.0028181337
2899,0.052970987
2900,0.08192058
2901,0.044505753
2902,0.0
2903,0.06729756
2904,0.0
2905,0.01877761
2906,0.011248097
2907,0.20522034
2908,0.0
2909,0.00401262
2910,0.026071936
2911,0.112892136
2912,0.050081454
2913,0.05299443
2914,0.13153318
2915,0.002725099
2916,0.0009021163
2917,0.058257528
2918,0.24734324
2919,0.05543691
2920,0.003345667
2921,0.0005233288
2922,0.10154343
2923,0.15270841
2924,0.043486357
2925,0.0036182674
2926,0.10892901
2927,0.1599611
2928,0.1364173
2929,0.1862865
2930,0.13809358
2931,0.09599934
2932,0.12316635
2933,0.076523274
2934,0.13529834
2935,0.0037775566
2936,0.02561
2937,0.091557965
2938,0.11016518
2939,0.013381847
2940,0.01643385
2941,0.021282572
2942,0.000121831894
2943,0.010218386
2944,0.17718732
2945,0.0709183
2946,0.044469863
2947,0.042758524
2948,0.16008937
2949,-0.0016084611
2950,-0.018621802
2951,0.022219766
2952,0.05179794
2953,0.12945464
2954,-0.016573042
2955,0.15134847
2956,0.1401168
2957,0.010623902
2958,0.013099164
2959,0.19562247
2960,0.0029549324
2961,0.16124508
2962,-0.017864734
2963,0.1591903
2964,0.04626113
2965,0.030615926
2966,0.040019333
2967,0.085360326
2968,0.16464564
2969,0.1465026
2970,0.091121435
2971,0.023639917
2972,0.053811967
2973,0.032376796
2974,0.18622738
2975,0.2166734
2976,0.013957024
2977,0.11166374
2978,0.3043293
2979,0.03124459
2980,0.12988484
2981,0.021559313
2982,0.097181864
2983,0.018895268
2984,-0.00090849446
2985,0.13641332
2986,0.14611083
2987,0.1389281
2988,-0.0015939176
2989,0.02794107
2990,-0.017709047
2991,0.029261053
2992,0.077062964
2993,0.017905202
2994,0.16832408
2995,0.026805699
2996,0.009462029
2997,0.029815465
2998,0.018592387
2999,0.0
