"","x"
"1",0
"2",-0.005
"3",0
"4",0
"5",0
"6",0
"7",0
"8",-0.005
"9",0
"10",0
"11",0
"12",0
"13",0.005
"14",0
"15",0
"16",0
"17",0
"18",-0.005
"19",0
"20",0.005
"21",-0.005
"22",0
"23",0
"24",0.005
"25",0
"26",0
"27",0.005
"28",0
"29",0
"30",0
"31",0.005
"32",0
"33",-0.005
"34",0
"35",0
"36",0
"37",0
"38",-0.005
"39",0
"40",0
"41",0.005
"42",0.005
"43",-0.00499999999999995
"44",0
"45",-0.005
"46",0
"47",0
"48",0
"49",0
"50",0
"51",0.005
"52",-0.01
"53",0
"54",-0.005
"55",0
"56",-0.005
"57",-0.01
"58",0
"59",-0.005
"60",0
"61",-0.01
"62",0
"63",0
"64",0
"65",-0.005
"66",0
"67",0
"68",0
"69",0
"70",0
"71",-0.005
"72",0.005
"73",0.005
"74",0.005
"75",0
"76",0
"77",0.005
"78",0
"79",-0.005
"80",-0.005
"81",0
"82",-0.005
"83",-0.01
"84",0
"85",0
"86",0
"87",0.005
"88",0
"89",0
"90",0.005
"91",-0.005
"92",-0.005
"93",0
"94",0.005
"95",0
"96",0.005
"97",0
"98",0
"99",0
"100",0
"101",0
"102",0.005
"103",0
"104",0
"105",-0.005
"106",0
"107",-0.005
"108",0
"109",-0.005
"110",-0.005
"111",0
"112",0
"113",-0.005
"114",-0.005
"115",-0.00499999999999995
"116",0
"117",0
"118",-0.005
"119",-0.005
"120",0
"121",0
"122",0
"123",0
"124",-0.005
"125",0.005
"126",0
"127",0
"128",0
"129",0
"130",-0.005
"131",0
"132",0.005
"133",0
"134",0
"135",0
"136",0
"137",0.005
"138",0
"139",0
"140",-0.005
"141",0.005
"142",0
"143",0
"144",0
"145",0
"146",0
"147",0
"148",0
"149",-0.01
"150",0
"151",0
"152",0.005
"153",0
"154",0
"155",0
"156",-0.01
"157",0
"158",0.005
"159",-0.005
"160",0
"161",0
"162",0
"163",0.005
"164",-0.005
"165",-0.005
"166",-0.005
"167",0
"168",0
"169",0
"170",0
"171",0.005
"172",0
"173",0
"174",0
"175",0
"176",0
"177",0
"178",0
"179",0
"180",0
"181",-0.005
"182",0
"183",-0.005
"184",0
"185",0.00499999999999995
"186",0
"187",-0.005
"188",0.005
"189",-0.005
"190",0.005
"191",0
"192",-0.005
"193",-0.005
"194",0
"195",0.005
"196",-0.005
"197",-0.005
"198",0
"199",-0.015
"200",0
"201",-0.005
"202",-0.00499999999999989
"203",0
"204",0
"205",0
"206",-0.005
"207",0
"208",0
"209",-0.005
"210",-0.005
"211",0
"212",-0.005
"213",0
"214",0
"215",-0.005
"216",0
"217",0
"218",0
"219",0
"220",0
"221",-0.005
"222",-0.005
"223",0
"224",0
"225",-0.005
"226",0
"227",0
"228",0.01
"229",0
"230",-0.005
"231",-0.01
"232",0
"233",0
"234",0.005
"235",0
"236",0.005
"237",0
"238",0
"239",0
"240",0
"241",0
"242",0
"243",0.005
"244",0
"245",0
"246",0
"247",-0.005
"248",0
"249",0
"250",0
"251",0
"252",0
"253",-0.005
"254",-0.005
"255",0
"256",-0.015
"257",0
"258",0.005
"259",0
"260",-0.005
"261",0
"262",0.005
"263",0
"264",0
"265",0.00499999999999989
"266",0.005
"267",0
"268",0
"269",0.01
"270",0
"271",0.005
"272",0
"273",0
"274",0
"275",-0.005
"276",0
"277",0
"278",0
"279",0
"280",0
"281",-0.005
"282",-0.005
"283",0
"284",-0.005
"285",-0.005
"286",0
"287",0
"288",0
"289",0
"290",-0.005
"291",0
"292",0
"293",0.005
"294",-0.005
"295",0
"296",0
"297",0
"298",0
"299",0
"300",0
"301",0
"302",-0.005
"303",0
"304",-0.005
"305",0.00499999999999995
"306",0
"307",0
"308",0
"309",-0.005
"310",0.005
"311",0
"312",0
"313",0.01
"314",0
"315",0
"316",0
"317",0.005
"318",-0.005
"319",0
"320",0
"321",0
"322",0
"323",0
"324",0.005
"325",0
"326",0
"327",0.005
"328",0
"329",-0.005
"330",0.005
"331",0
"332",-0.005
"333",0
"334",0
"335",0
"336",-0.005
"337",0
"338",-0.005
"339",0
"340",-0.005
"341",0
"342",0
"343",-0.01
"344",0
"345",0
"346",0
"347",0.005
"348",0
"349",0.005
"350",0
"351",-0.005
"352",0
"353",0
"354",0
"355",0
"356",0
"357",-0.005
"358",0
"359",0.005
"360",0.005
"361",0
"362",0.005
"363",0
"364",0
"365",0
"366",0.005
"367",0
"368",0.005
"369",0
"370",-0.005
"371",0
"372",0.005
"373",0.005
"374",0
"375",-0.005
"376",0
"377",0
"378",0
"379",0
"380",-0.005
"381",-0.005
"382",0
"383",-0.005
"384",0.005
"385",0
"386",0
"387",0.005
"388",-0.01
"389",0
"390",0
"391",0
"392",0.005
"393",0.005
"394",0
"395",0
"396",0
"397",0
"398",0
"399",-0.005
"400",0
"401",0
"402",0
"403",-0.005
"404",0
"405",0
"406",0
"407",0
"408",0
"409",0
"410",0
"411",0
"412",-0.005
"413",-0.005
"414",0
"415",-0.005
"416",0
"417",0
"418",0
"419",0
"420",-0.005
"421",0
"422",0.005
"423",-0.005
"424",-0.005
"425",-0.005
"426",0
"427",-0.005
"428",0
"429",-0.005
"430",0
"431",0
"432",0
"433",0
"434",0
"435",0
"436",0
"437",0
"438",0.005
"439",0
"440",0
"441",0
"442",-0.01
"443",-0.005
"444",0.005
"445",0
"446",0
"447",-0.01
"448",0
"449",0
"450",0
"451",0
"452",0
"453",0.005
"454",0
"455",0.005
"456",0
"457",-0.005
"458",0
"459",-0.005
"460",0
"461",0
"462",0
"463",-0.005
"464",0.01
"465",0
"466",0
"467",0
"468",0
"469",-0.00499999999999989
"470",0
"471",0.005
"472",0
"473",0
"474",-0.005
"475",0
"476",-0.005
"477",0
"478",0
"479",0
"480",0
"481",0
"482",-0.005
"483",0
"484",0.005
"485",0
"486",-0.01
"487",-0.005
"488",0
"489",-0.005
"490",0.005
"491",0
"492",0
"493",0
"494",-0.005
"495",0
"496",-0.005
"497",-0.005
"498",0.005
"499",-0.005
"500",0
"501",0
"502",0
"503",0.005
"504",0
"505",0
"506",0
"507",0.01
"508",0
"509",0.005
"510",-0.005
"511",0
"512",0.005
"513",0
"514",0
"515",0
"516",0.005
"517",0
"518",0
"519",0
"520",0
"521",-0.005
"522",-0.005
"523",-0.01
"524",0
"525",0
"526",-0.005
"527",-0.005
"528",0
"529",-0.005
"530",-0.00499999999999995
"531",0
"532",-0.005
"533",-0.01
"534",0.005
"535",0
"536",0
"537",0
"538",0.00999999999999995
"539",0
"540",0
"541",0
"542",0
"543",0
"544",0
"545",0
"546",0
"547",0.01
"548",0
"549",0
"550",0
"551",0
"552",-0.005
"553",-0.005
"554",0.005
"555",0
"556",-0.005
"557",-0.005
"558",0.005
"559",0
"560",-0.01
"561",-0.005
"562",0
"563",-0.005
"564",0
"565",0
"566",0
"567",0
"568",0.005
"569",-0.01
"570",0
"571",0
"572",-0.005
"573",0
"574",0
"575",0
"576",0
"577",0
"578",0
"579",0
"580",0
"581",0
"582",0
"583",0
"584",0
"585",0
"586",0.005
"587",0.005
"588",0
"589",0
"590",0
"591",-0.005
"592",-0.005
"593",0
"594",0.005
"595",0.005
"596",0.005
"597",-0.005
"598",0
"599",0.005
"600",0
"601",0.01
"602",0.005
"603",0
"604",0
"605",-0.005
"606",0.005
"607",0
"608",0
"609",0
"610",0
"611",0
"612",0
"613",0
"614",0
"615",0.005
"616",-0.005
"617",0.01
"618",-0.005
"619",0
"620",0
"621",0
"622",0.005
"623",0
"624",0
"625",0
"626",0
"627",0
"628",0.005
"629",0
"630",0
"631",0
"632",0.005
"633",0
"634",0
"635",-0.005
"636",-0.005
"637",0
"638",-0.005
"639",0.005
"640",0
"641",0
"642",0
"643",0
"644",0
"645",0
"646",0.005
"647",0
"648",0
"649",0
"650",0
"651",0
"652",0
"653",-0.005
"654",0
"655",-0.005
"656",0
"657",-0.005
"658",0
"659",0
"660",0
"661",0
"662",0
"663",0
"664",0
"665",-0.005
"666",-0.005
"667",-0.005
"668",0
"669",0
"670",0.005
"671",0
"672",0
"673",0
"674",0
"675",0
"676",0
"677",0.005
"678",0.005
"679",0
"680",0
"681",-0.005
"682",-0.005
"683",0
"684",0.005
"685",0
"686",0
"687",-0.00499999999999995
"688",0
"689",0
"690",0
"691",-0.005
"692",0
"693",-0.00499999999999995
"694",0
"695",-0.005
"696",0.005
"697",0
"698",0
"699",0
"700",-0.005
"701",0
"702",0
"703",-0.005
"704",0
"705",0
"706",0
"707",0
"708",-0.005
"709",0
"710",0
"711",-0.00499999999999989
"712",0
"713",0
"714",0
"715",-0.005
"716",0
"717",0
"718",0
"719",0
"720",0
"721",0
"722",0
"723",0
"724",-0.01
"725",0
"726",0.005
"727",0
"728",0
"729",0
"730",0
"731",0
"732",-0.005
"733",-0.015
"734",0
"735",0.005
"736",0
"737",0.005
"738",0.005
"739",-0.005
"740",0.005
"741",0
"742",0
"743",0
"744",-0.005
"745",0
"746",-0.005
"747",0.005
"748",0.005
"749",0.01
"750",0
"751",-0.005
"752",0
"753",0.005
"754",0
"755",0
"756",0
"757",0.005
"758",0
"759",0
"760",0
"761",0.005
"762",0
"763",-0.005
"764",0
"765",0.005
"766",0.00499999999999989
"767",0
"768",0
"769",0
"770",0
"771",-0.005
"772",0
"773",0
"774",-0.005
"775",-0.005
"776",0
"777",0
"778",-0.005
"779",0
"780",0
"781",0
"782",-0.00499999999999989
"783",0
"784",0
"785",0
"786",0
"787",0.005
"788",0
"789",0
"790",0
"791",-0.005
"792",0
"793",0
"794",0
"795",0
"796",-0.005
"797",0.005
"798",0
"799",0.005
"800",-0.005
"801",-0.005
"802",0
"803",0
"804",-0.005
"805",-0.01
"806",0
"807",0.005
"808",0
"809",0
"810",0
"811",0.005
"812",0
"813",0
"814",0
"815",0
"816",0
"817",-0.005
"818",0.005
"819",0
"820",0
"821",0
"822",0.00499999999999989
"823",0
"824",-0.01
"825",-0.01
"826",0
"827",0.005
"828",0
"829",0
"830",0
"831",0
"832",0.005
"833",-0.005
"834",-0.005
"835",0
"836",0
"837",0
"838",0.005
"839",0
"840",0
"841",0
"842",0
"843",0
"844",0
"845",0
"846",0
"847",0.005
"848",-0.005
"849",0
"850",0
"851",0.005
"852",0
"853",-0.005
"854",0
"855",-0.005
"856",0
"857",0
"858",0
"859",0
"860",-0.005
"861",0.005
"862",0
"863",0
"864",0
"865",0
"866",-0.005
"867",0
"868",-0.00499999999999989
"869",0.005
"870",0
"871",0
"872",-0.005
"873",0
"874",0
"875",0
"876",0
"877",-0.005
"878",-0.005
"879",0
"880",0.005
"881",0
"882",-0.00499999999999995
"883",0
"884",0
"885",0
"886",-0.005
"887",0
"888",-0.01
"889",-0.005
"890",0
"891",-0.005
"892",0
"893",-0.005
"894",0
"895",0
"896",0
"897",0
"898",-0.005
"899",-0.005
"900",0
"901",0
"902",0
"903",-0.005
"904",0.005
"905",0.005
"906",0
"907",0
"908",0
"909",0
"910",0
"911",0.005
"912",0.005
"913",0.005
"914",-0.005
"915",0
"916",0
"917",0.005
"918",0
"919",0
"920",0
"921",-0.005
"922",0
"923",0
"924",0
"925",0
"926",-0.005
"927",-0.005
"928",0
"929",-0.005
"930",-0.01
"931",0
"932",0
"933",0.005
"934",0
"935",0
"936",0
"937",-0.00499999999999995
"938",0
"939",0
"940",0
"941",0
"942",0
"943",0
"944",0
"945",0
"946",0
"947",0.005
"948",0
"949",0
"950",-0.005
"951",-0.005
"952",0
"953",0
"954",0
"955",0
"956",0
"957",0
"958",0
"959",-0.005
"960",0
"961",0
"962",-0.005
"963",0
"964",-0.005
"965",0
"966",0
"967",-0.005
"968",0
"969",0
"970",0
"971",-0.005
"972",0
"973",0
"974",0
"975",0
"976",0
"977",-0.005
"978",-0.005
"979",0.005
"980",0
"981",-0.005
"982",0.005
"983",0
"984",0
"985",0.005
"986",-0.005
"987",-0.005
"988",-0.005
"989",0
"990",0.005
"991",0
"992",0
"993",0
"994",0.005
"995",0
"996",-0.005
"997",-0.005
"998",0
"999",0
"1000",0
"1001",-0.005
"1002",0
"1003",0
"1004",0
"1005",0.005
"1006",0
"1007",-0.01
"1008",0
"1009",0.005
"1010",0
"1011",-0.005
"1012",0.005
"1013",-0.005
"1014",0
"1015",0
"1016",0
"1017",0
"1018",0.005
"1019",0
"1020",0
"1021",0.005
"1022",0
"1023",0
"1024",0
"1025",0
"1026",0
"1027",0
"1028",0
"1029",0
"1030",0
"1031",0
"1032",0
"1033",0
"1034",-0.005
"1035",-0.005
"1036",0
"1037",0
"1038",0
"1039",-0.005
"1040",0
"1041",0
"1042",0
"1043",-0.005
"1044",0
"1045",0
"1046",-0.00499999999999989
"1047",-0.0099999999999999
"1048",0
"1049",0
"1050",0
"1051",0
"1052",-0.005
"1053",0.005
"1054",0.005
"1055",0.005
"1056",0
"1057",0
"1058",-0.005
"1059",0.005
"1060",0
"1061",-0.005
"1062",0
"1063",0
"1064",0
"1065",0
"1066",0
"1067",0
"1068",0
"1069",0
"1070",-0.005
"1071",0
"1072",0
"1073",-0.005
"1074",0
"1075",0
"1076",0
"1077",0
"1078",-0.005
"1079",0
"1080",-0.005
"1081",0
"1082",-0.005
"1083",0
"1084",0
"1085",0
"1086",0.005
"1087",0
"1088",0
"1089",-0.005
"1090",0.005
"1091",0
"1092",0
"1093",0.01
"1094",0.005
"1095",0.005
"1096",0
"1097",0
"1098",0
"1099",0
"1100",0
"1101",0
"1102",0
"1103",0
"1104",-0.005
"1105",0
"1106",-0.005
"1107",0
"1108",-0.005
"1109",0.005
"1110",0
"1111",0
"1112",-0.005
"1113",0
"1114",-0.005
"1115",0
"1116",0.005
"1117",0
"1118",0
"1119",0
"1120",0.005
"1121",0
"1122",0
"1123",0
"1124",0.005
"1125",0.005
"1126",-0.005
"1127",0
"1128",0
"1129",-0.005
"1130",-0.005
"1131",-0.00499999999999995
"1132",0
"1133",0.005
"1134",0
"1135",0
"1136",0
"1137",-0.005
"1138",0.01
"1139",0
"1140",0
"1141",0
"1142",0
"1143",0.01
"1144",-0.005
"1145",0
"1146",0
"1147",0
"1148",0
"1149",0
"1150",-0.005
"1151",0
"1152",0.005
"1153",0
"1154",0
"1155",0
"1156",0.01
"1157",0
"1158",-0.005
"1159",-0.005
"1160",0.005
"1161",0.005
"1162",-0.005
"1163",0.005
"1164",0
"1165",0
"1166",0
"1167",0
"1168",0
"1169",-0.005
"1170",0
"1171",0.005
"1172",0.005
"1173",0.005
"1174",0
"1175",0
"1176",0
"1177",-0.01
"1178",-0.005
"1179",0.005
"1180",0
"1181",0
"1182",0
"1183",0
"1184",0
"1185",0
"1186",0
"1187",0
"1188",0
"1189",-0.005
"1190",0
"1191",0
"1192",0.005
"1193",0
"1194",0
"1195",0.01
"1196",0
"1197",-0.005
"1198",0.005
"1199",0
"1200",0
"1201",0
"1202",0
"1203",-0.005
"1204",0
"1205",0
"1206",0
"1207",0.005
"1208",-0.005
"1209",-0.005
"1210",0
"1211",0
"1212",0
"1213",0
"1214",-0.005
"1215",-0.005
"1216",0
"1217",0
"1218",0
"1219",0
"1220",0
"1221",0.005
"1222",0
"1223",0
"1224",0
"1225",0.005
"1226",0.005
"1227",-0.005
"1228",0
"1229",0.005
"1230",0
"1231",-0.005
"1232",0.005
"1233",0
"1234",0
"1235",0
"1236",-0.005
"1237",-0.01
"1238",-0.005
"1239",0
"1240",0
"1241",0.005
"1242",0
"1243",-0.005
"1244",0
"1245",0.005
"1246",-0.005
"1247",0
"1248",0
"1249",0
"1250",-0.01
"1251",0
"1252",-0.005
"1253",0.005
"1254",0
"1255",0
"1256",-0.005
"1257",0
"1258",-0.005
"1259",-0.01
"1260",-0.005
"1261",0.005
"1262",0.005
"1263",0
"1264",0
"1265",0
"1266",-0.005
"1267",0
"1268",0
"1269",0
"1270",0
"1271",0
"1272",0
"1273",0
"1274",0.005
"1275",0
"1276",0
"1277",-0.005
"1278",0
"1279",0.005
"1280",0.005
"1281",0
"1282",0
"1283",-0.00499999999999995
"1284",-0.005
"1285",-0.005
"1286",0.005
"1287",0.005
"1288",0
"1289",-0.005
"1290",-0.005
"1291",0
"1292",0
"1293",-0.005
"1294",-0.005
"1295",-0.005
"1296",0
"1297",0
"1298",-0.005
"1299",0
"1300",-0.005
"1301",0
"1302",0
"1303",0
"1304",-0.005
"1305",-0.005
"1306",0.005
"1307",0
"1308",0
"1309",0
"1310",0
"1311",0
"1312",0.005
"1313",0.005
"1314",0
"1315",0
"1316",0
"1317",-0.005
"1318",0
"1319",0
"1320",0
"1321",0
"1322",0
"1323",0.005
"1324",0
"1325",0
"1326",0
"1327",0
"1328",0
"1329",0
"1330",0
"1331",0
"1332",0
"1333",0.005
"1334",0
"1335",-0.005
"1336",0
"1337",0
"1338",0.005
"1339",0
"1340",-0.005
"1341",0.005
"1342",0
"1343",0
"1344",-0.01
"1345",0
"1346",0
"1347",0
"1348",0
"1349",0
"1350",0
"1351",0
"1352",-0.005
"1353",0
"1354",0
"1355",0.005
"1356",0
"1357",0
"1358",0.005
"1359",0
"1360",0.01
"1361",0
"1362",0
"1363",0
"1364",0
"1365",-0.005
"1366",0
"1367",0.005
"1368",0
"1369",0
"1370",-0.005
"1371",0
"1372",0
"1373",0
"1374",0
"1375",0
"1376",0.00499999999999995
"1377",0.005
"1378",0.005
"1379",0
"1380",0
"1381",0
"1382",0
"1383",0
"1384",0
"1385",0.005
"1386",0
"1387",0
"1388",0
"1389",0
"1390",0
"1391",0
"1392",0
"1393",0
"1394",0
"1395",0
"1396",0.005
"1397",-0.005
"1398",0.005
"1399",0
"1400",0
"1401",-0.00999999999999995
"1402",-0.005
"1403",0.005
"1404",0
"1405",0
"1406",0.005
"1407",0
"1408",-0.005
"1409",0
"1410",0
"1411",0
"1412",0
"1413",0
"1414",0
"1415",0.005
"1416",0
"1417",0.005
"1418",0
"1419",0
"1420",-0.005
"1421",0
"1422",0
"1423",0
"1424",0
"1425",0
"1426",0
"1427",0.005
"1428",-0.01
"1429",0.005
"1430",0
"1431",0
"1432",0
"1433",0
"1434",0
"1435",0
"1436",0
"1437",0.01
"1438",0.005
"1439",0.005
"1440",0
"1441",-0.005
"1442",0
"1443",0
"1444",0
"1445",0
"1446",0.005
"1447",0
"1448",0
"1449",0
"1450",0
"1451",0
"1452",-0.01
"1453",0
"1454",0
"1455",0.005
"1456",-0.005
"1457",-0.005
"1458",0
"1459",0.005
"1460",0
"1461",0
"1462",0
"1463",-0.005
"1464",0
"1465",0.005
"1466",-0.005
"1467",-0.005
"1468",-0.005
"1469",0.005
"1470",0
"1471",0
"1472",0
"1473",-0.005
"1474",0
"1475",-0.005
"1476",0
"1477",0
"1478",0.005
"1479",0.005
"1480",0.005
"1481",0.005
"1482",0
"1483",0
"1484",0
"1485",0.005
"1486",0
"1487",0
"1488",0
"1489",0
"1490",0
"1491",0
"1492",0.005
"1493",0
"1494",0
"1495",-0.005
"1496",0
"1497",0
"1498",0
"1499",0
"1500",-0.005
"1501",0
"1502",0
"1503",-0.005
"1504",0
"1505",0
"1506",0
"1507",-0.005
"1508",0.005
"1509",0
"1510",0
"1511",0
"1512",0
"1513",0
"1514",0.005
"1515",-0.005
"1516",-0.005
"1517",0
"1518",0
"1519",0
"1520",0
"1521",0.005
"1522",-0.005
"1523",0
"1524",0.005
"1525",0
"1526",-0.005
"1527",0
"1528",0
"1529",0
"1530",0
"1531",-0.005
"1532",0.005
"1533",-0.005
"1534",0
"1535",0
"1536",-0.005
"1537",-0.005
"1538",-0.005
"1539",-0.005
"1540",0.005
"1541",-0.005
"1542",0
"1543",0
"1544",0
"1545",0
"1546",0
"1547",0.005
"1548",0.00499999999999995
"1549",-0.005
"1550",0
"1551",0
"1552",0.005
"1553",0
"1554",0.00499999999999995
"1555",0
"1556",0.005
"1557",0
"1558",-0.005
"1559",-0.005
"1560",0
"1561",0
"1562",-0.005
"1563",0.005
"1564",0
"1565",0
"1566",-0.005
"1567",0
"1568",0
"1569",-0.005
"1570",-0.005
"1571",0
"1572",0
"1573",0
"1574",0
"1575",-0.005
"1576",0
"1577",0
"1578",-0.01
"1579",0
"1580",0
"1581",0
"1582",0
"1583",-0.005
"1584",0.005
"1585",0
"1586",0
"1587",0
"1588",-0.005
"1589",0
"1590",0
"1591",0
"1592",0.005
"1593",0
"1594",0
"1595",0.005
"1596",0.005
"1597",0
"1598",0
"1599",0
"1600",0
"1601",0
"1602",0
"1603",0
"1604",0.005
"1605",0
"1606",0
"1607",0
"1608",0
"1609",0
"1610",0
"1611",0
"1612",0
"1613",0.00499999999999995
"1614",0
"1615",-0.005
"1616",-0.005
"1617",0
"1618",0
"1619",0
"1620",0.005
"1621",0.005
"1622",-0.005
"1623",0
"1624",0.005
"1625",0
"1626",-0.005
"1627",0.005
"1628",0
"1629",0
"1630",0
"1631",0
"1632",0.005
"1633",0.005
"1634",-0.005
"1635",0
"1636",0
"1637",0
"1638",0
"1639",-0.005
"1640",-0.005
"1641",0
"1642",0
"1643",-0.005
"1644",0
"1645",0
"1646",0
"1647",0
"1648",0
"1649",0
"1650",0
"1651",0
"1652",0.01
"1653",0
"1654",0
"1655",0
"1656",0
"1657",0
"1658",0
"1659",0
"1660",0
"1661",0
"1662",0
"1663",-0.005
"1664",0
"1665",-0.005
"1666",0
"1667",0
"1668",0.005
"1669",-0.005
"1670",0
"1671",0.005
"1672",0
"1673",0
"1674",0
"1675",0.005
"1676",0
"1677",-0.005
"1678",0.005
"1679",0
"1680",0
"1681",-0.005
"1682",0
"1683",0
"1684",0
"1685",0
"1686",0
"1687",0
"1688",0
"1689",0
"1690",0
"1691",0.005
"1692",0.005
"1693",0
"1694",0
"1695",0
"1696",0
"1697",-0.005
"1698",0.005
"1699",0
"1700",0
"1701",0
"1702",0
"1703",0
"1704",0
"1705",0
"1706",0
"1707",0
"1708",0.005
"1709",0.005
"1710",0
"1711",0
"1712",0
"1713",0
"1714",0
"1715",0
"1716",-0.005
"1717",0
"1718",0
"1719",0
"1720",0.005
"1721",0.005
"1722",0
"1723",-0.01
"1724",0
"1725",0
"1726",0
"1727",0
"1728",0
"1729",-0.005
"1730",-0.005
"1731",0.005
"1732",-0.005
"1733",-0.005
"1734",0
"1735",0
"1736",0
"1737",0
"1738",0
"1739",0
"1740",0.005
"1741",0.005
"1742",0
"1743",-0.005
"1744",0.005
"1745",0.005
"1746",0
"1747",0
"1748",0.005
"1749",0.005
"1750",0
"1751",0
"1752",0
"1753",0
"1754",-0.01
"1755",0
"1756",0
"1757",0.005
"1758",0
"1759",0.005
"1760",0
"1761",0
"1762",0
"1763",0.005
"1764",0.005
"1765",0
"1766",-0.005
"1767",0
"1768",0
"1769",-0.005
"1770",0
"1771",0.005
"1772",0.005
"1773",0
"1774",0
"1775",-0.005
"1776",0
"1777",0
"1778",0
"1779",0
"1780",0
"1781",0
"1782",0
"1783",-0.005
"1784",0
"1785",0.005
"1786",0.005
"1787",-0.005
"1788",0
"1789",0
"1790",0
"1791",-0.01
"1792",0
"1793",-0.005
"1794",0
"1795",0
"1796",0
"1797",0
"1798",0.005
"1799",0
"1800",0
"1801",0
"1802",0
"1803",0
"1804",0.005
"1805",0
"1806",0
"1807",0.005
"1808",0.005
"1809",0
"1810",-0.005
"1811",0
"1812",0
"1813",0.005
"1814",0
"1815",0
"1816",0
"1817",0
"1818",0.005
"1819",0
"1820",0
"1821",-0.005
"1822",0
"1823",0.005
"1824",0
"1825",0.005
"1826",0
"1827",0
"1828",0
"1829",0
"1830",0.005
"1831",-0.005
"1832",-0.005
"1833",-0.005
"1834",-0.005
"1835",0
"1836",0
"1837",0
"1838",0.005
"1839",-0.005
"1840",0
"1841",-0.01
"1842",0
"1843",0
"1844",0.005
"1845",0
"1846",0
"1847",0
"1848",0
"1849",0
"1850",0
"1851",0
"1852",0.005
"1853",0
"1854",0
"1855",0
"1856",0.005
"1857",0
"1858",0
"1859",0
"1860",0
"1861",-0.005
"1862",0
"1863",0
"1864",0
"1865",-0.005
"1866",0
"1867",-0.005
"1868",0
"1869",0
"1870",0
"1871",0
"1872",0
"1873",0
"1874",-0.005
"1875",0
"1876",-0.005
"1877",0
"1878",0
"1879",0
"1880",-0.005
"1881",-0.00499999999999995
"1882",0.005
"1883",0
"1884",0
"1885",0
"1886",0
"1887",0
"1888",-0.01
"1889",0
"1890",0
"1891",-0.005
"1892",0
"1893",0
"1894",0
"1895",0
"1896",0.005
"1897",0
"1898",0
"1899",0
"1900",0.005
"1901",0
"1902",-0.005
"1903",0
"1904",0
"1905",-0.005
"1906",-0.005
"1907",-0.005
"1908",-0.005
"1909",-0.005
"1910",0
"1911",0
"1912",0
"1913",0
"1914",0
"1915",0
"1916",0
"1917",0.0099999999999999
"1918",0
"1919",0
"1920",0
"1921",-0.005
"1922",0
"1923",0
"1924",0
"1925",0
"1926",0
"1927",0.005
"1928",0.005
"1929",0
"1930",0
"1931",-0.005
"1932",0
"1933",0
"1934",0
"1935",0
"1936",0
"1937",0.01
"1938",-0.00499999999999995
"1939",-0.005
"1940",0
"1941",0
"1942",0
"1943",0
"1944",0
"1945",0
"1946",0
"1947",0.005
"1948",0.005
"1949",0.005
"1950",-0.005
"1951",0
"1952",0
"1953",0
"1954",0
"1955",0.005
"1956",0.00499999999999995
"1957",0
"1958",0.005
"1959",0
"1960",0
"1961",0.005
"1962",0
"1963",0
"1964",0
"1965",0
"1966",0
"1967",0.005
"1968",0
"1969",0
"1970",0
"1971",-0.005
"1972",-0.005
"1973",0
"1974",0
"1975",0
"1976",0
"1977",0.005
"1978",0
"1979",-0.005
"1980",0
"1981",-0.005
"1982",0
"1983",0
"1984",-0.005
"1985",0
"1986",0
"1987",0
"1988",0.005
"1989",-0.005
"1990",0.005
"1991",-0.005
"1992",-0.01
"1993",0
"1994",0
"1995",0
"1996",0
"1997",0
"1998",-0.005
"1999",0
"2000",0
"2001",0
"2002",0.005
"2003",0
"2004",0
"2005",0
"2006",-0.005
"2007",0
"2008",0
"2009",0
"2010",0
"2011",-0.005
"2012",0
"2013",0
"2014",0
"2015",-0.005
"2016",0
"2017",-0.005
"2018",-0.005
"2019",-0.005
"2020",0.005
"2021",0
"2022",0
"2023",0
"2024",-0.005
"2025",0
"2026",0
"2027",0
"2028",0
"2029",0
"2030",0
"2031",0
"2032",0.005
"2033",0
"2034",0
"2035",-0.005
"2036",0
"2037",0
"2038",0
"2039",0
"2040",-0.00499999999999995
"2041",-0.005
"2042",0.01
"2043",0
"2044",0
"2045",0.005
"2046",0
"2047",0
"2048",0
"2049",-0.00999999999999995
"2050",0
"2051",0
"2052",0
"2053",0
"2054",0
"2055",0.005
"2056",-0.005
"2057",0
"2058",0
"2059",0
"2060",0
"2061",0
"2062",0
"2063",0
"2064",0.005
"2065",0
"2066",0
"2067",0
"2068",0
"2069",0
"2070",0
"2071",0
"2072",0
"2073",0
"2074",-0.005
"2075",0
"2076",0
"2077",0
"2078",0
"2079",0
"2080",0
"2081",0
"2082",0
"2083",0.005
"2084",0
"2085",-0.005
"2086",0
"2087",0
"2088",0
"2089",0
"2090",0
"2091",0
"2092",0
"2093",0
"2094",0
"2095",-0.005
"2096",0
"2097",0
"2098",0.005
"2099",0
"2100",0
"2101",0
"2102",0.005
"2103",0
"2104",0
"2105",0
"2106",0.005
"2107",0
"2108",0
"2109",0
"2110",0
"2111",0
"2112",0
"2113",0.005
"2114",0
"2115",-0.005
"2116",0
"2117",0
"2118",0
"2119",0
"2120",0
"2121",0
"2122",0
"2123",0.005
"2124",0
"2125",0
"2126",-0.005
"2127",0
"2128",0
"2129",-0.005
"2130",0
"2131",-0.005
"2132",0.005
"2133",0
"2134",0
"2135",0
"2136",0.005
"2137",0
"2138",0
"2139",0
"2140",0
"2141",-0.005
"2142",0
"2143",0
"2144",0
"2145",0
"2146",0
"2147",0
"2148",0
"2149",-0.005
"2150",-0.005
"2151",0
"2152",0
"2153",0.005
"2154",0.005
"2155",-0.005
"2156",-0.005
"2157",0.005
"2158",0
"2159",0
"2160",0
"2161",0
"2162",0
"2163",0
"2164",0.005
"2165",0
"2166",-0.005
"2167",0
"2168",0
"2169",0
"2170",0
"2171",0
"2172",0
"2173",0
"2174",0.005
"2175",0.005
"2176",0
"2177",-0.005
"2178",0
"2179",0
"2180",0.005
"2181",0.00499999999999989
"2182",0
"2183",0
"2184",-0.005
"2185",-0.005
"2186",0
"2187",0
"2188",-0.005
"2189",0
"2190",-0.005
"2191",0
"2192",-0.005
"2193",0
"2194",0
"2195",0
"2196",0
"2197",0
"2198",0
"2199",0.005
"2200",0
"2201",-0.005
"2202",0.005
"2203",0
"2204",0.00499999999999995
"2205",0
"2206",0
"2207",0.005
"2208",0
"2209",0
"2210",-0.005
"2211",0
"2212",-0.005
"2213",0
"2214",0
"2215",0
"2216",0
"2217",0
"2218",0
"2219",0
"2220",0.005
"2221",0
"2222",0
"2223",-0.005
"2224",-0.005
"2225",0.005
"2226",-0.005
"2227",0
"2228",0
"2229",0
"2230",0
"2231",-0.005
"2232",0
"2233",0
"2234",-0.005
"2235",-0.005
"2236",0
"2237",0.005
"2238",0
"2239",0
"2240",0.005
"2241",-0.005
"2242",0
"2243",0
"2244",-0.005
"2245",0
"2246",-0.005
"2247",0
"2248",0
"2249",0
"2250",-0.005
"2251",0.005
"2252",0
"2253",-0.005
"2254",-0.005
"2255",0
"2256",0.005
"2257",-0.005
"2258",-0.005
"2259",0
"2260",0
"2261",0
"2262",0.005
"2263",0
"2264",0
"2265",-0.005
"2266",0.005
"2267",0
"2268",0.005
"2269",0
"2270",0
"2271",0
"2272",0
"2273",0
"2274",0
"2275",0.005
"2276",-0.005
"2277",0
"2278",-0.005
"2279",-0.005
"2280",0.005
"2281",-0.005
"2282",0
"2283",-0.005
"2284",-0.005
"2285",-0.005
"2286",0
"2287",-0.00499999999999989
"2288",0
"2289",0.005
"2290",-0.005
"2291",-0.00499999999999995
"2292",0
"2293",-0.005
"2294",0
"2295",-0.005
"2296",0.005
"2297",0
"2298",0
"2299",0
"2300",0.005
"2301",0
"2302",0
"2303",0
"2304",0
"2305",-0.005
"2306",0
"2307",0
"2308",-0.005
"2309",0
"2310",0
"2311",0
"2312",0.005
"2313",0
"2314",0
"2315",0
"2316",0
"2317",0
"2318",0
"2319",0
"2320",0
"2321",0
"2322",0
"2323",-0.005
"2324",0
"2325",0
"2326",0.00499999999999995
"2327",0.005
"2328",-0.005
"2329",0
"2330",-0.005
"2331",0.005
"2332",0
"2333",0
"2334",-0.005
"2335",0
"2336",0
"2337",-0.005
"2338",0
"2339",0
"2340",0.005
"2341",0
"2342",0
"2343",-0.005
"2344",0
"2345",0.005
"2346",-0.005
"2347",0
"2348",0
"2349",0
"2350",0.005
"2351",0
"2352",0
"2353",0
"2354",0
"2355",0
"2356",0.01
"2357",0
"2358",-0.005
"2359",-0.005
"2360",0
"2361",0
"2362",0
"2363",0
"2364",0
"2365",0
"2366",0
"2367",0
"2368",0
"2369",0
"2370",-0.005
"2371",0.005
"2372",0
"2373",0.005
"2374",0
"2375",0
"2376",0
"2377",0
"2378",0
"2379",0
"2380",0
"2381",0
"2382",0.005
"2383",-0.01
"2384",-0.005
"2385",0.00499999999999989
"2386",0
"2387",0
"2388",0.005
"2389",0
"2390",0
"2391",0
"2392",0.005
"2393",0
"2394",0
"2395",0
"2396",0
"2397",0.005
"2398",0
"2399",0
"2400",0
"2401",0
"2402",-0.005
"2403",0
"2404",0.005
"2405",0.005
"2406",0
"2407",-0.005
"2408",0
"2409",-0.005
"2410",0
"2411",0
"2412",0
"2413",0.00499999999999995
"2414",0
"2415",0
"2416",0
"2417",0
"2418",0
"2419",0.005
"2420",0
"2421",0
"2422",0
"2423",0
"2424",0
"2425",-0.01
"2426",0
"2427",0.005
"2428",0.005
"2429",0
"2430",0
"2431",0
"2432",0
"2433",0.005
"2434",0
"2435",0
"2436",0
"2437",0
"2438",0
"2439",0
"2440",0
"2441",0
"2442",0
"2443",0
"2444",0
"2445",0
"2446",-0.01
"2447",0
"2448",0
"2449",0
"2450",0.005
"2451",0
"2452",0
"2453",0.005
"2454",0
"2455",0
"2456",0.00499999999999995
"2457",0.005
"2458",0
"2459",0
"2460",0
"2461",0
"2462",0
"2463",0
"2464",-0.005
"2465",-0.005
"2466",0
"2467",-0.005
"2468",0
"2469",-0.01
"2470",0
"2471",0
"2472",0.005
"2473",0
"2474",0
"2475",-0.005
"2476",0
"2477",0
"2478",0
"2479",0
"2480",0
"2481",0
"2482",0
"2483",0
"2484",0
"2485",-0.005
"2486",-0.005
"2487",0.005
"2488",0
"2489",0.005
"2490",0
"2491",-0.005
"2492",0.005
"2493",0
"2494",-0.005
"2495",0
"2496",0.005
"2497",0
"2498",0
"2499",0.01
"2500",0
"2501",0
"2502",0.005
"2503",0
"2504",0
"2505",0
"2506",0
"2507",0.005
"2508",0
"2509",0
"2510",0
"2511",0
"2512",0
"2513",-0.005
"2514",0
"2515",0
"2516",0
"2517",0.005
"2518",0
"2519",-0.005
"2520",0.005
"2521",0
"2522",0.005
"2523",0
"2524",0
"2525",-0.005
"2526",0
"2527",0
"2528",-0.005
"2529",-0.005
"2530",0
"2531",0
"2532",0
"2533",0
"2534",0
"2535",0
"2536",0
"2537",0
"2538",0
"2539",0
"2540",-0.005
"2541",0
"2542",0
"2543",-0.005
"2544",0
"2545",0
"2546",-0.01
"2547",0
"2548",0
"2549",0.005
"2550",0.005
"2551",0
"2552",0
"2553",0
"2554",0
"2555",0
"2556",0
"2557",0.005
"2558",0
"2559",-0.005
"2560",-0.005
"2561",-0.005
"2562",-0.005
"2563",-0.005
"2564",0
"2565",0.005
"2566",0
"2567",0
"2568",0
"2569",0
"2570",0
"2571",-0.005
"2572",-0.005
"2573",0
"2574",0.005
"2575",0
"2576",0
"2577",0.00499999999999989
"2578",-0.00499999999999995
"2579",0
"2580",0
"2581",0
"2582",0
"2583",0
"2584",0
"2585",-0.005
"2586",-0.005
"2587",0
"2588",0
"2589",0
"2590",0
"2591",0
"2592",0
"2593",0
"2594",0
"2595",-0.005
"2596",0
"2597",0
"2598",0
"2599",0
"2600",-0.005
"2601",0
"2602",-0.005
"2603",-0.015
"2604",0
"2605",0
"2606",0.005
"2607",0
"2608",0
"2609",0
"2610",0
"2611",0.005
"2612",0
"2613",0
"2614",0
"2615",-0.005
"2616",-0.005
"2617",0
"2618",0.005
"2619",0
"2620",0
"2621",0
"2622",0
"2623",-0.005
"2624",-0.01
"2625",0
"2626",-0.005
"2627",-0.005
"2628",0
"2629",-0.005
"2630",-0.005
"2631",0
"2632",0
"2633",0.005
"2634",0
"2635",0
"2636",0.005
"2637",0.005
"2638",0.005
"2639",0
"2640",0.005
"2641",0
"2642",0
"2643",0
"2644",0
"2645",0.005
"2646",0
"2647",-0.005
"2648",0.005
"2649",-0.01
"2650",0
"2651",0
"2652",0
"2653",-0.005
"2654",0
"2655",0
"2656",0
"2657",0.00499999999999989
"2658",0
"2659",0
"2660",0
"2661",0
"2662",0
"2663",0
"2664",0
"2665",-0.005
"2666",0
"2667",0
"2668",0
"2669",0.005
"2670",0.005
"2671",0
"2672",0
"2673",0
"2674",0.00499999999999989
"2675",-0.005
"2676",0
"2677",0
"2678",0
"2679",0.005
"2680",0
"2681",0.005
"2682",0
"2683",-0.005
"2684",0.005
"2685",0
"2686",0
"2687",0.00499999999999989
"2688",0
"2689",0
"2690",0.005
"2691",0.005
"2692",-0.005
"2693",0
"2694",0
"2695",0
"2696",-0.005
"2697",0.005
"2698",0
"2699",0.005
"2700",-0.00499999999999995
"2701",0.005
"2702",0.005
"2703",0
"2704",0.005
"2705",0
"2706",0
"2707",0
"2708",0
"2709",0
"2710",0
"2711",0
"2712",-0.005
"2713",-0.005
"2714",-0.005
"2715",0
"2716",-0.005
"2717",0
"2718",0.005
"2719",0
"2720",0.005
"2721",0
"2722",0
"2723",0
"2724",-0.005
"2725",0
"2726",-0.005
"2727",0.005
"2728",0
"2729",0.005
"2730",0
"2731",0
"2732",0
"2733",0
"2734",0
"2735",-0.005
"2736",0
"2737",0
"2738",0.005
"2739",0
"2740",0
"2741",-0.005
"2742",0
"2743",0
"2744",0
"2745",0
"2746",0.005
"2747",-0.005
"2748",0
"2749",-0.005
"2750",0
"2751",0
"2752",0
"2753",0.005
"2754",0
"2755",-0.005
"2756",0
"2757",0
"2758",0
"2759",0
"2760",0
"2761",0
"2762",-0.00999999999999995
"2763",0
"2764",-0.005
"2765",0
"2766",-0.015
"2767",0
"2768",-0.005
"2769",-0.005
"2770",0
"2771",0
"2772",0
"2773",0
"2774",0
"2775",0
"2776",0
"2777",0
"2778",0
"2779",0
"2780",0
"2781",0
"2782",-0.005
"2783",0
"2784",-0.005
"2785",0
"2786",0
"2787",-0.005
"2788",0.005
"2789",0
"2790",0
"2791",0
"2792",0.00499999999999995
"2793",0
"2794",0
"2795",0
"2796",0
"2797",0
"2798",0
"2799",0
"2800",0
"2801",-0.005
"2802",0
"2803",0
"2804",0
"2805",0.005
"2806",-0.005
"2807",-0.005
"2808",0
"2809",0
"2810",-0.005
"2811",-0.005
"2812",0
"2813",0
"2814",0
"2815",0
"2816",0.005
"2817",0
"2818",0
"2819",0.005
"2820",0
"2821",0
"2822",0.005
"2823",0
"2824",0
"2825",0
"2826",0.01
"2827",0
"2828",0
"2829",0.005
"2830",0
"2831",0
"2832",0
"2833",0
"2834",0
"2835",0
"2836",-0.005
"2837",0
"2838",0
"2839",0
"2840",0
"2841",0
"2842",0
"2843",-0.005
"2844",0.005
"2845",0
"2846",0
"2847",-0.005
"2848",0
"2849",0
"2850",-0.005
"2851",0
"2852",0
"2853",0
"2854",0
"2855",-0.005
"2856",-0.005
"2857",0
"2858",0
"2859",0
"2860",0
"2861",0
"2862",0.00499999999999995
"2863",0.00499999999999995
"2864",0.005
"2865",-0.005
"2866",0
"2867",0
"2868",0
"2869",0
"2870",0
"2871",0
"2872",0.005
"2873",-0.005
"2874",-0.005
"2875",-0.005
"2876",-0.005
"2877",0.005
"2878",-0.005
"2879",-0.005
"2880",0
"2881",-0.005
"2882",0
"2883",0
"2884",-0.005
"2885",0
"2886",0
"2887",0
"2888",0
"2889",0
"2890",0.005
"2891",-0.00499999999999995
"2892",-0.005
"2893",0.00499999999999995
"2894",-0.01
"2895",-0.005
"2896",-0.005
"2897",0
"2898",0.005
"2899",0
"2900",0
"2901",0
"2902",0
"2903",0.005
"2904",-0.005
"2905",0
"2906",0
"2907",0
"2908",0
"2909",0
"2910",0
"2911",0
"2912",0
"2913",0.005
"2914",0
"2915",0
"2916",0.005
"2917",-0.005
"2918",0
"2919",0
"2920",0
"2921",0
"2922",0
"2923",0
"2924",0
"2925",-0.005
"2926",0
"2927",0
"2928",0
"2929",0.00499999999999995
"2930",0
"2931",0
"2932",-0.005
"2933",0
"2934",0.005
"2935",0
"2936",0
"2937",0
"2938",0
"2939",0
"2940",0
"2941",0
"2942",-0.005
"2943",0
"2944",0
"2945",0
"2946",0.005
"2947",0
"2948",-0.005
"2949",0.005
"2950",0
"2951",0
"2952",0.005
"2953",-0.005
"2954",0
"2955",-0.005
"2956",0.005
"2957",0
"2958",0
"2959",0
"2960",0
"2961",0
"2962",0
"2963",0
"2964",0.005
"2965",0.005
"2966",0
"2967",0
"2968",-0.005
"2969",0.005
"2970",0
"2971",0
"2972",0
"2973",0
"2974",0
"2975",0
"2976",0
"2977",0.015
"2978",0.005
"2979",0
"2980",0
"2981",0
"2982",0.005
"2983",0
"2984",0
"2985",-0.005
"2986",-0.005
"2987",0
"2988",0.005
"2989",0
"2990",0
"2991",-0.005
"2992",0
"2993",-0.005
"2994",0
"2995",0.005
"2996",0
"2997",0
"2998",-0.005
"2999",0.005
"3000",0
